drop database if exists snet1509;
create database snet1509;
use snet1509;
drop table if exists users;
create table users(
	id serial primary key, 
	name varchar(50),
	surname varchar(50),
	email varchar(120) unique,
	phone bigint,
	gender char(1),
	birthday date,
	hometown varchar(50),
	photo_id bigint unsigned,
	pass char(50),
	created_at datetime default current_timestamp,
	index(phone),
	index(email),
	index(name, surname)
);

drop table if exists messages;
create table messages(
	id serial primary key,
	from_user_id bigint unsigned not null,
	to_user_id bigint unsigned not null,
	body text,
	is_read bool default 0,
	created_at datetime default current_timestamp,
	foreign key (from_user_id) references users (id),
	foreign key (to_user_id) references users (id)
);

drop table if exists friend_requests;
create table friend_requests(
	-- id serial primary key,
	initiator_user_id bigint unsigned not null,
	target_user_id bigint unsigned not null,
	status enum('requested', 'approved', 'unfriended', 'declined') default 'requested',
	requested_at datetime default now(),
	confirmed_at datetime default current_timestamp on update current_timestamp,
	primary key(initiator_user_id, target_user_id),
	foreign key (initiator_user_id) references users (id),
	foreign key (target_user_id) references users (id)
);

alter table friend_requests add index(initiator_user_id);

drop table if exists communities;
create table communities(
	id serial primary key,
	name varchar(150),
	index communities_name_idx (name)
);


drop table if exists users_communities;
create table users_communities(
	user_id bigint unsigned not null,
	community_id bigint unsigned not null,
	is_admin bool default 0,
	primary key(user_id, community_id),
	foreign key (user_id) references users (id),
	foreign key (community_id) references communities (id)
);

drop table if exists posts;
create table posts(
	id serial primary key,
	user_id bigint unsigned not null,
	body text,
	metadata json,
	created_at datetime default current_timestamp,
	updated_at datetime default current_timestamp on update current_timestamp,
	foreign key (user_id) references users (id)
);

drop table if exists comments;
create table comments (
	id serial primary key,
	user_id bigint unsigned not null,
	post_id bigint unsigned not null,
	body text,
	created_at datetime default current_timestamp,
	updated_at datetime default current_timestamp on update current_timestamp,
	foreign key (user_id) references users (id),
	foreign key (post_id) references posts (id)
);

drop table if exists photos;
create table photos (
	id serial primary key,
	user_id bigint unsigned not null,
	description text,
	filename varchar(250),
	foreign key (user_id) references users (id)
);

drop table if exists likes_users;
create table likes_users(
	id serial primary key,
	initiator_user_id bigint unsigned not null,
	target_user_id bigint unsigned not null,
	like_dont_like bool,
	created_at datetime default current_timestamp,
	foreign key (initiator_user_id) references users (id),
	foreign key (target_user_id) references users (id)	
);

drop table if exists likes_posts;
create table likes_posts(
	id serial primary key,
	initiator_user_id bigint unsigned not null,
	post_id bigint unsigned not null,
	like_dont_like bool,
	created_at datetime default current_timestamp,
	foreign key (initiator_user_id) references users (id),
	foreign key (post_id) references posts (id)	
);

drop table if exists likes_photos;
create table likes_photos(
	id serial primary key,
	initiator_user_id bigint unsigned not null,
	photo_id bigint unsigned not null,
	like_dont_like bool,
	created_at datetime default current_timestamp,
	foreign key (initiator_user_id) references users (id),
	foreign key (photo_id) references photos (id)	
);

INSERT INTO `comments` VALUES ('1','27','33','Et exercitationem libero delectus ipsum sint impedit vero. Nostrum quibusdam adipisci similique quidem laboriosam quod. Totam et culpa debitis et.','1975-04-04 14:33:44','1993-04-04 22:31:11'),
('2','100','45','Voluptatem doloremque error magni. Rerum eveniet recusandae voluptate fugit vel labore quia maxime. Culpa tempora numquam laudantium et suscipit mollitia.','1981-02-09 02:44:03','2013-04-07 18:45:52'),
('3','69','13','Aut dolorem qui temporibus autem. Voluptatem placeat minima ipsa facilis autem odit. Deserunt voluptates illum et dignissimos. Asperiores consequuntur soluta nihil.','2004-08-13 04:25:45','1988-11-08 12:16:11'),
('4','83','39','Facilis aperiam temporibus a non quia excepturi. Reprehenderit autem quo voluptas et repellat quo autem minima.','1985-01-06 01:29:20','1975-02-24 01:16:50'),
('5','27','41','Voluptas sed dolores amet. Architecto animi reiciendis sequi sint sit quia consequatur ea. Ipsum dignissimos voluptate a quo quasi labore optio. Ut totam neque magni ea.','1974-01-13 00:36:51','1991-11-25 15:45:24'),
('6','40','66','Et consequatur sunt ipsum qui et velit rerum. Adipisci qui qui voluptas est non autem quis.','1992-04-12 22:48:45','2000-11-13 15:04:46'),
('7','3','31','Eum quas voluptatem ut aut officiis. Quisquam voluptatem repellendus repellendus rerum dicta totam. Quas mollitia nam deleniti nihil ipsum dolorem omnis consequatur.','2011-06-03 05:28:29','1974-12-08 10:11:18'),
('8','41','44','Est porro consequatur deserunt vel voluptate. Quas illum facilis beatae enim. Eligendi voluptates et omnis.','1999-02-24 05:48:02','1993-10-01 20:08:16'),
('9','21','33','Numquam rerum et voluptatem optio. Suscipit cupiditate nisi numquam voluptate ipsam nemo architecto. Tenetur amet dolorum perspiciatis est.','1990-05-11 23:49:16','1994-08-31 01:59:52'),
('10','7','65','Ut eaque qui aperiam quam. Quos eaque facere et quasi facere molestias.','2007-04-13 00:31:21','2006-12-15 23:34:05'),
('11','73','65','Odio asperiores laborum voluptates dolor aut temporibus. Modi et culpa doloribus quisquam omnis ut commodi. Est vel nihil adipisci ipsa. Necessitatibus laboriosam voluptatem praesentium veniam commodi delectus.','2004-07-27 16:46:58','1989-06-21 08:54:57'),
('12','33','26','Similique eos et perferendis. Aspernatur est delectus quia. Expedita aperiam illum et numquam reprehenderit ad a optio.','1997-02-02 19:32:00','1989-05-09 06:11:29'),
('13','24','44','Et est quis minus molestiae ut neque ratione qui. Dolorem animi tenetur accusamus ducimus veniam assumenda ea quis.','1974-02-21 11:37:45','1987-05-02 05:55:09'),
('14','26','69','Cum ut quia perspiciatis sunt error. Inventore quibusdam officiis voluptas occaecati et. Iure ducimus quaerat voluptate.','1977-06-02 23:45:47','2002-07-30 14:19:31'),
('15','42','9','Velit ex officiis facilis placeat. Eveniet mollitia expedita vel aspernatur. Sint sed ut quasi saepe sed molestiae nobis. Ut neque non aut aut ullam. Consequatur quae voluptatem optio aliquam odio velit soluta assumenda.','1985-10-05 06:07:49','2008-08-13 06:27:18'),
('16','2','69','Eligendi occaecati natus sint rerum qui. Consequatur tempora et consequatur eos.','1999-10-01 20:55:17','1989-06-19 23:44:20'),
('17','41','1','Placeat quae quo quaerat ut debitis rerum a. Quisquam aut tenetur tempora voluptatum.','1992-10-05 03:22:11','1970-02-20 07:27:13'),
('18','13','9','Commodi et et ipsum quisquam. Ut earum et modi qui. Assumenda consequatur asperiores est quod.','1999-10-02 17:53:42','1997-02-16 00:01:45'),
('19','14','96','Iure occaecati et facere earum quisquam. Et ratione necessitatibus ut vel omnis. Eos odio provident provident dolor. Ut veniam hic qui quia ut nulla dolor.','2015-09-19 06:27:43','2000-07-23 22:37:18'),
('20','48','40','Et voluptas repudiandae earum. Nesciunt ea quas sint enim unde. Necessitatibus suscipit quis asperiores non.','1980-12-09 14:12:05','1989-11-01 19:24:23'),
('21','36','87','Veritatis corporis at ut ducimus fugit. Impedit ratione qui ipsam occaecati dolorem tempora soluta. Pariatur sint cupiditate sint nesciunt corrupti ut.','1978-07-19 20:37:34','1983-12-02 23:36:46'),
('22','5','38','Voluptas laborum amet minima aspernatur velit voluptate ut dolor. Minus consectetur facere voluptatem accusamus sapiente. Et repellat dolorum vitae.','1975-01-22 00:28:21','1976-06-25 14:50:38'),
('23','18','46','Voluptates quam aut quis quidem aut non. A vel nulla praesentium.','2019-08-17 18:56:10','2001-04-25 10:06:33'),
('24','81','39','Cumque consequatur laborum aut quibusdam ut. Molestiae laborum quia sunt et dignissimos enim. Facilis ipsam ea id molestias. Voluptate est dolores similique ipsum quo perferendis autem.','1990-01-27 16:30:38','1997-04-22 04:48:51'),
('25','79','88','Ad dolorem explicabo omnis laborum. Et pariatur ab et molestiae voluptatem ratione mollitia. Sed quia quo quaerat hic provident. Ipsa labore asperiores qui ipsum hic aut qui.','1980-02-23 07:06:17','1986-09-16 20:35:47'),
('26','3','51','Eligendi maiores impedit quisquam ea explicabo qui voluptatem. Et amet eos velit eligendi saepe sit. Aut eos officia qui reprehenderit.','1992-04-19 00:35:52','2014-12-19 08:49:24'),
('27','52','35','Nisi sit ad dolore nam perferendis voluptatum. Tenetur et est dolores sed minus dolor distinctio. Omnis sint ipsam qui dicta aut dicta.','2007-09-22 13:27:46','1976-06-09 13:28:08'),
('28','77','76','Consequatur voluptatem fuga ipsum ipsa mollitia. Laboriosam ipsum assumenda debitis voluptatem. Consectetur sunt quia sed. Id aliquam in voluptate aut suscipit ab et. Totam saepe dolor sint.','1998-03-05 04:28:23','1983-04-23 04:02:42'),
('29','79','2','Minima voluptatem perferendis esse labore reprehenderit ut. Perferendis tempora aut consequatur earum optio. Cum facere placeat aut ducimus veniam suscipit praesentium. Ad minima occaecati temporibus ea.','2014-12-12 22:13:53','1993-08-14 18:24:17'),
('30','44','21','Repellat animi et alias quae corrupti repellendus. Magni sed a placeat facilis incidunt eum.','2010-10-27 04:44:16','1982-06-02 20:17:12'),
('31','10','45','Reprehenderit excepturi pariatur nisi et. Quasi neque cum cupiditate iure est. Rem alias tempore iure enim repellendus quasi suscipit. Voluptas corrupti praesentium quaerat rem tempore.','2017-06-15 04:09:33','1982-07-29 02:58:39'),
('32','90','51','Eligendi doloribus ut ipsam autem. Consequatur fuga necessitatibus nihil est adipisci sunt. Ullam aut qui dolore ea ullam error.','2009-03-07 14:16:32','1986-05-14 06:41:27'),
('33','46','2','Quo illo voluptates exercitationem et id. Eum quas et ab cum praesentium libero aut. Id iure voluptatum sequi magnam.','2001-04-18 04:57:34','2020-05-26 02:10:27'),
('34','59','59','Maiores ipsam pariatur nemo optio voluptatem at debitis cum. Qui quasi minima tenetur est. Libero eum mollitia consequatur eveniet amet sed explicabo minima.','1992-12-31 14:16:14','1987-01-29 17:11:52'),
('35','97','7','Reprehenderit magni corporis quam odit. Blanditiis nemo nulla dignissimos ipsa voluptatem autem eaque. Ut neque ea tenetur enim ea iste quisquam.','1975-06-04 11:39:35','2003-02-22 17:48:36'),
('36','99','33','Reiciendis quas laboriosam ut. Qui eius ut libero sapiente aut dolore. Explicabo libero in consequatur architecto repellat explicabo ea.','2016-03-25 10:58:44','2014-12-28 01:56:46'),
('37','94','4','Incidunt voluptatem aut culpa velit. Omnis consequuntur ratione et temporibus magni sapiente. Alias quo ipsum ut optio animi exercitationem. Error cum vitae totam dolore.','1984-06-20 18:27:09','1991-11-21 17:10:26'),
('38','71','11','Labore nihil quia deserunt eum minus. Animi aut officia et. Architecto tenetur et omnis delectus.','1974-05-27 03:47:15','2007-04-07 09:55:53'),
('39','49','52','Porro alias sunt et qui architecto qui quis. Et expedita omnis ea consequatur qui quaerat. Temporibus esse accusantium magnam ipsa rerum sit rerum. Qui repellendus consequuntur voluptas id qui amet. Eveniet ipsa minus omnis eos tenetur.','1989-04-08 11:20:17','1984-06-03 23:07:44'),
('40','50','27','Et quo laborum sint aut. Dolores deleniti ut nemo consequatur. Voluptatibus ullam distinctio exercitationem possimus aperiam.','1999-02-02 22:14:20','1993-04-19 07:21:58'),
('41','39','53','Ex temporibus exercitationem quibusdam in qui. Corrupti ut et voluptas harum voluptatem laudantium et. Officiis similique omnis et beatae. Libero error sit quo laborum quo et.','1990-04-22 13:00:46','1977-04-26 16:46:09'),
('42','78','91','Et minus soluta ut enim inventore. Nam et dolorem neque eaque reprehenderit iste beatae. Quibusdam ullam iusto aut sit.','1994-11-06 11:19:00','2006-04-19 13:39:03'),
('43','87','54','Ea occaecati voluptas et voluptas sed et. Vel ut dolores ipsa magni. Commodi deleniti ducimus architecto quas et in. Distinctio maiores corporis ad eligendi quidem illum ut. Quam ipsa velit vel quo a.','1990-06-21 12:55:15','1973-09-30 16:07:39'),
('44','66','66','Consequuntur molestiae rerum in accusamus. Fugiat aut eaque non quibusdam hic hic doloribus reprehenderit. Doloribus magnam esse ipsum nam tenetur enim distinctio.','1972-03-01 05:46:31','1993-08-10 09:50:46'),
('45','55','10','Fuga aut neque magni. Totam et hic neque quasi amet laudantium. Ut rem doloribus libero ut quis enim deleniti.','1972-03-01 01:47:45','2015-10-23 23:41:21'),
('46','87','65','Quis commodi dolorum tempore cupiditate nemo rerum. Iure nostrum sit et dolores odit facilis. Ex et suscipit omnis quidem quia. Unde accusamus id similique cumque nemo est.','1979-02-16 02:18:31','2015-06-11 16:59:18'),
('47','55','76','Autem sint eos quis. Quo repellat aspernatur nobis in perspiciatis reprehenderit unde architecto. Et sed et aperiam eum cumque et.','2014-07-09 15:21:19','2016-09-28 15:32:27'),
('48','15','100','Assumenda natus asperiores dolorem vero quo nesciunt a et. Expedita ea voluptatem est id porro aliquam. Repellendus veritatis perferendis esse sint facilis saepe maxime. Ab quos ducimus id consequatur.','2005-04-08 20:51:30','1991-04-13 03:21:08'),
('49','78','74','Velit est sed ea et sunt quo. Molestiae ut aut officia inventore perferendis consequatur id asperiores. Beatae unde possimus reiciendis ut.','2006-06-15 00:22:47','1975-09-16 05:39:41'),
('50','59','75','Ullam sunt ipsa officiis quam qui. Nisi est repellat perspiciatis alias ut temporibus ut. Porro vel excepturi suscipit qui. Iure corporis non quas id.','2013-05-18 13:20:32','1986-11-24 01:10:23'),
('51','80','57','At voluptates et totam voluptatum labore est. Aut omnis non velit. Culpa aut porro in aspernatur. Dolores aut quaerat rerum est illum ea.','2003-07-15 04:24:49','1973-11-19 20:44:46'),
('52','7','73','Eum vel alias iure qui porro et occaecati. Iste dolorem eveniet vero exercitationem ut nihil reiciendis ipsam. Eaque delectus omnis ex. Qui vel ab vero fugiat dolore numquam animi.','1991-05-08 18:44:08','2015-12-05 12:13:37'),
('53','60','77','Earum odit eveniet atque dicta nostrum velit. Sit temporibus aliquid vitae. Odio cupiditate aperiam eos commodi molestias quasi facilis.','1970-08-13 20:58:48','2011-11-16 20:51:09'),
('54','84','9','Cupiditate sunt id et ducimus. Laborum eveniet repudiandae dolore rem ut et aperiam suscipit. Possimus quia rerum maiores sunt architecto mollitia rerum debitis. Rerum error ut expedita temporibus id.','1990-10-24 20:19:34','1977-08-29 16:29:12'),
('55','29','33','Qui qui autem illo qui. Quidem ut rerum quisquam rerum quis et. Nobis dolores nihil iure vel.','1985-06-13 06:56:23','1998-08-15 23:20:45'),
('56','36','67','Non maiores hic deserunt et. Et minima qui dolor doloribus. Iure cumque et repellendus.','1983-09-25 15:38:50','1998-06-05 01:08:31'),
('57','85','13','Aut quasi ea voluptatum qui commodi possimus magnam est. Nisi consequatur modi molestias ratione omnis voluptas non. Maiores quisquam doloribus assumenda velit optio incidunt. Ratione unde qui error quis.','2000-05-08 14:06:45','1982-03-14 23:10:28'),
('58','57','72','Et doloremque ut voluptatem eos ut et. Ea rerum qui quia doloribus ducimus. Fuga ad itaque voluptatem id. Molestiae dolore sed totam ut pariatur itaque.','1998-07-16 00:39:06','1981-01-29 01:11:54'),
('59','67','23','Reprehenderit voluptatem quia iusto voluptatem qui. Laborum vero ut harum dicta. Deserunt dolorem quo quis veritatis numquam odio.','2020-06-30 18:02:42','2016-06-05 22:06:10'),
('60','38','22','Odio voluptas et quod quia odio. Amet veritatis aut aut et in maxime rerum perferendis. Dicta ad laboriosam eveniet aut labore.','2013-02-28 23:29:29','1986-10-18 15:51:42'),
('61','32','25','Unde delectus aperiam non ut et harum tempore. Qui id qui eius nam.','2006-06-03 22:55:39','1987-04-12 00:18:11'),
('62','86','86','Adipisci debitis sint dolore dolorem quod dolore nihil necessitatibus. Vero enim laudantium molestiae at. Dolorum qui explicabo eum ipsum hic. Libero sapiente mollitia ullam ut eveniet.','2020-03-15 00:22:44','2000-04-21 03:50:13'),
('63','1','1','Libero inventore dolorem impedit nihil aliquid officiis velit soluta. Id consectetur voluptatem ipsam totam sunt. Quaerat ut enim voluptates aut autem enim.','2003-03-14 21:49:00','1982-04-01 23:35:41'),
('64','86','78','Similique deserunt et ad. Est et perspiciatis aliquid odio autem. Dolorem et ducimus sint consequatur aliquam ipsum ad.','1989-10-20 01:52:25','2011-02-08 23:47:52'),
('65','75','44','Velit modi tempore quod ut sequi neque eos. Tenetur laudantium et et nobis fugit aperiam. Vel impedit aspernatur aperiam enim sed rerum recusandae.','1979-01-14 11:18:11','2016-12-20 14:31:19'),
('66','52','54','Corrupti id recusandae quam quia. Nam et dolorem ullam a.','1991-04-02 07:20:52','1986-10-18 02:04:42'),
('67','1','59','Nulla animi modi quia repudiandae ex necessitatibus voluptatem. Deleniti quisquam voluptatem fugiat. In enim cupiditate esse provident unde. Molestias dignissimos aliquid eius sed velit qui.','2014-08-21 08:14:55','1976-04-30 12:37:47'),
('68','27','61','Ipsam commodi autem enim sed eius eos ipsa. Consequatur culpa eaque modi nihil ullam harum. Iusto suscipit assumenda maxime aspernatur voluptas corrupti. Consequatur deleniti molestiae velit consectetur consequatur ex.','2000-02-05 16:24:50','1971-09-08 13:05:24'),
('69','36','11','Incidunt in dolorem aspernatur non voluptas. Inventore et dolores est beatae quia.','2010-10-05 08:48:28','2007-08-24 01:44:35'),
('70','70','64','Voluptatum dolor sed minima qui. Atque sed deleniti sapiente consequuntur sint saepe.','2013-01-19 05:46:46','2011-05-08 16:26:33'),
('71','43','5','Dolores dolorum quo officia eaque fugit. Maxime qui non error molestias. Asperiores animi quia minus aut cumque quia aliquid odit. Delectus nihil cupiditate suscipit reiciendis et aut officia. Quia est pariatur incidunt aut ut rerum voluptatem vel.','1976-02-02 00:14:19','1991-07-23 06:28:26'),
('72','31','28','Aut necessitatibus autem quia odit at ut magnam in. Sapiente rerum ex facilis. Neque voluptas corrupti hic et.','1995-03-13 00:28:20','2003-09-30 04:21:28'),
('73','18','87','Incidunt corrupti voluptas quos quo. Cumque dicta et dolorem repellat ratione porro mollitia. Nam id qui assumenda omnis.','1987-03-06 07:25:32','2019-04-10 19:26:24'),
('74','100','84','Officiis repellat occaecati quia voluptas repellendus accusantium eos. Ut nobis iure nihil consequatur labore tempore in. Nemo dignissimos consequatur enim odit. Voluptates repudiandae dolores ea dolorem accusamus nulla odio.','1998-02-18 18:22:37','1981-08-16 18:29:02'),
('75','10','38','Non iusto impedit vel optio fugit vero. Eveniet sed aliquid eum ea rerum minus adipisci repellat. In quam quas ratione amet.','2002-01-22 01:49:32','1972-04-01 17:50:28'),
('76','5','41','Eos consequatur fugit dolorum natus qui facilis laudantium ad. Quod eius provident consectetur cupiditate sit deserunt.','1977-03-28 11:12:04','1973-06-28 00:04:33'),
('77','62','91','Sit numquam pariatur ipsam et ea neque doloremque. Ut suscipit occaecati quos quia non. Cumque est aut velit debitis.','1970-02-03 14:13:28','2011-11-09 22:10:17'),
('78','27','62','Ea qui consectetur assumenda eum id aliquam. Reprehenderit error eligendi nulla dolorem similique. Explicabo consequatur similique saepe culpa atque esse. Aliquid tenetur distinctio consequatur quibusdam qui soluta at.','2011-10-16 23:49:26','2009-05-16 21:54:01'),
('79','92','12','Fugit et et quis sit velit ut. Et nihil culpa earum vero dolorum aspernatur. Commodi quo incidunt ab fuga quae ipsam autem. Animi consequatur dolor voluptas enim incidunt non. Aut earum aut ipsum et temporibus incidunt sint.','2002-11-12 20:56:38','1983-09-22 18:05:26'),
('80','40','66','Non blanditiis repudiandae illo fugit atque numquam eos. Ratione in et explicabo quo impedit. Alias saepe esse impedit nobis quidem quasi incidunt voluptatibus. Error id est quam nobis autem.','2019-12-21 17:15:06','1978-08-30 19:52:20'),
('81','56','91','Dolor fuga commodi eligendi quae voluptas delectus. Dicta optio dolorem vitae maxime illo. Nemo unde quam voluptates.','2005-02-11 07:51:34','1981-05-13 07:25:28'),
('82','20','57','Debitis inventore debitis eius incidunt veritatis ad aliquam. Culpa voluptatem ipsa et voluptate voluptate. Aspernatur distinctio quo deleniti dolorem qui quia facere. In qui omnis debitis ipsam.','2013-06-17 03:33:35','1972-09-29 14:17:08'),
('83','50','46','Eos laborum voluptatibus tempore odio reprehenderit dolorum aut facere. Itaque consequatur ea soluta. Atque qui nulla cum a nulla eum fugiat accusantium. Consequuntur quo nisi voluptatum qui temporibus fugiat voluptatem.','1972-05-06 14:31:04','2020-08-10 03:06:21'),
('84','17','85','Placeat cumque autem sunt qui ex aut. Dolores possimus et velit nostrum nemo cumque iste.','2002-10-30 18:29:28','1985-02-12 22:50:28'),
('85','56','86','Natus id eos itaque debitis ipsam alias est. Et cumque voluptatibus nulla accusamus ipsam necessitatibus. Repellendus id aliquam asperiores aliquam nam nisi accusantium.','2013-03-10 16:50:17','1971-05-04 18:15:43'),
('86','48','99','Commodi repudiandae iste inventore ad. Ab voluptas eum delectus illo.','1988-09-11 08:48:10','1986-09-29 16:49:59'),
('87','91','78','Et qui nemo fugiat tenetur eos culpa eligendi. Placeat nesciunt temporibus impedit deserunt nihil. Quasi accusamus nemo fugiat qui.','1970-10-28 02:23:44','1994-02-14 12:29:33'),
('88','27','8','Quia ratione ut facere aut cumque facilis delectus. Aut incidunt officiis expedita aperiam quidem ipsam et. Enim nulla fugit et nam incidunt. Ratione facilis quo ut numquam.','1988-06-13 01:47:09','1973-09-20 10:31:28'),
('89','65','27','Aut magni et sed alias incidunt iure rerum. Dolores officiis esse nihil. Aliquam hic eaque perspiciatis architecto ut omnis beatae. Qui rerum exercitationem est sapiente occaecati voluptatem.','2017-09-19 18:10:57','1998-12-08 10:44:34'),
('90','91','75','Omnis velit libero aliquid reiciendis vel. Voluptatibus non illum molestias doloribus quod. Omnis eaque et esse dolore ad facilis inventore.','2007-12-02 04:05:41','2015-02-19 02:05:37'),
('91','64','96','Beatae ratione nihil animi animi. Eligendi qui eligendi quasi rem. Enim omnis molestiae voluptates enim.','2014-05-15 11:07:32','1971-09-30 07:17:11'),
('92','15','26','Rerum ad et reiciendis qui eligendi error non. Et inventore doloremque omnis fuga.','2000-04-24 19:09:56','2013-12-21 02:56:47'),
('93','87','42','Dolorem laboriosam possimus voluptatibus qui. Natus corrupti animi omnis architecto ut debitis. Occaecati quidem et voluptas consequatur illo dolores deserunt. Recusandae sed eligendi illum et sunt error unde.','1970-12-03 02:48:11','2010-05-25 08:53:42'),
('94','88','78','Magni sint veritatis repudiandae officia eligendi beatae. Occaecati laboriosam perferendis asperiores dolor error est repudiandae. Commodi doloremque dolorem rerum est ut asperiores quae. Minus delectus eaque ab provident occaecati quia est et.','2011-11-12 03:51:39','1993-09-11 01:37:43'),
('95','53','27','Voluptates eum qui dolorem quia quo quas laboriosam. Dolorum ullam dolor molestiae libero laudantium fugit. Perspiciatis aut ad autem excepturi.','1994-04-13 04:18:13','1985-10-19 13:39:30'),
('96','44','9','Architecto pariatur neque ut officia nobis necessitatibus beatae. Ex adipisci beatae veritatis esse ipsam quia est.','2004-01-27 00:04:48','1989-05-25 08:27:02'),
('97','18','63','Cum vero saepe labore commodi. Quibusdam est cupiditate ipsum quod optio a dolores quia. Dolor porro amet laudantium hic.','1988-03-23 15:03:50','1998-10-17 01:05:40'),
('98','65','67','Est accusantium rerum dolor repellendus vel provident. Rerum autem et necessitatibus consequatur sequi ut voluptas. Vel est velit dignissimos fugiat non. Doloremque est blanditiis sed numquam omnis tempore debitis quo.','1985-10-25 11:11:00','1992-01-20 13:10:01'),
('99','8','82','Non est sed id quam quidem dignissimos. Sunt porro ipsum nemo quia maxime. Perspiciatis voluptatem ut quia aut veniam consequuntur.','1973-07-25 20:20:10','1983-12-12 01:06:59'),
('100','51','64','Est tempore ea non officia id nemo. Corporis aut quae adipisci consequuntur cum. Iusto deleniti eum quos expedita vel corporis corporis ut. Dignissimos aliquam et sit delectus et dolorem quia id.','1995-06-17 16:29:03','2020-03-23 19:56:01'); 

INSERT INTO `communities` VALUES ('77','ab'),
('39','accusantium'),
('88','animi'),
('9','aperiam'),
('71','aperiam'),
('52','asperiores'),
('5','aut'),
('69','autem'),
('43','blanditiis'),
('41','consectetur'),
('31','debitis'),
('26','distinctio'),
('85','dolor'),
('21','dolorem'),
('33','ea'),
('63','ea'),
('28','eligendi'),
('1','est'),
('6','et'),
('23','et'),
('47','et'),
('53','et'),
('66','et'),
('37','excepturi'),
('74','expedita'),
('82','expedita'),
('42','facilis'),
('34','fugiat'),
('38','harum'),
('62','harum'),
('29','in'),
('22','ipsum'),
('30','iste'),
('14','itaque'),
('73','itaque'),
('76','itaque'),
('36','labore'),
('50','labore'),
('49','laboriosam'),
('59','laboriosam'),
('93','laboriosam'),
('13','maxime'),
('27','minus'),
('80','molestiae'),
('15','molestias'),
('87','nam'),
('58','nesciunt'),
('65','nihil'),
('86','nobis'),
('10','non'),
('89','non'),
('91','non'),
('55','nostrum'),
('11','occaecati'),
('54','odit'),
('7','officiis'),
('19','officiis'),
('4','perferendis'),
('64','perferendis'),
('81','perferendis'),
('83','perspiciatis'),
('35','placeat'),
('90','quae'),
('32','quaerat'),
('16','quam'),
('48','qui'),
('51','qui'),
('68','qui'),
('84','qui'),
('75','quidem'),
('57','quis'),
('79','quisquam'),
('24','quo'),
('3','ratione'),
('94','ratione'),
('17','reiciendis'),
('98','repellat'),
('40','reprehenderit'),
('56','reprehenderit'),
('92','sapiente'),
('45','sed'),
('67','sed'),
('60','sequi'),
('20','similique'),
('2','sint'),
('70','sint'),
('100','sunt'),
('96','tempore'),
('78','temporibus'),
('44','tenetur'),
('12','ut'),
('95','ut'),
('46','vel'),
('8','velit'),
('61','veniam'),
('99','voluptas'),
('18','voluptatem'),
('72','voluptatem'),
('97','voluptatem'),
('25','voluptates'); 

INSERT INTO `friend_requests` VALUES ('2','77','requested','2011-10-05 18:46:14','2016-01-17 00:01:00'),
('3','46','requested','2005-01-27 01:15:31','2016-11-08 07:07:44'),
('7','65','declined','1999-03-23 00:42:17','1987-06-15 22:14:28'),
('7','77','unfriended','1995-03-27 07:11:55','1984-03-15 23:33:53'),
('13','46','unfriended','2010-04-14 18:53:15','1994-04-07 01:01:35'),
('13','47','unfriended','1974-07-20 18:08:12','2016-03-11 12:14:49'),
('13','87','unfriended','2011-09-19 09:09:12','2009-03-16 01:08:22'),
('19','43','declined','1970-04-29 01:51:58','2016-01-07 13:08:13'),
('19','82','declined','2014-03-19 20:15:38','1983-08-19 06:45:06'),
('19','83','unfriended','1982-07-21 21:07:17','2005-01-28 02:40:19'),
('19','89','requested','1983-05-04 16:10:30','1976-08-28 00:41:57'),
('22','93','approved','1990-11-05 03:05:36','1992-06-22 15:44:35'),
('23','63','requested','2018-10-31 21:52:35','2019-06-07 01:25:53'),
('23','90','declined','1997-11-17 09:15:44','2016-08-25 03:27:55'),
('23','91','approved','2017-08-24 09:14:18','2015-01-06 18:55:59'),
('24','23','requested','1984-08-26 05:09:47','1974-07-15 01:36:01'),
('24','60','requested','1971-03-21 13:48:56','1970-02-02 06:47:42'),
('25','43','approved','1974-07-22 15:49:36','1987-09-11 13:50:08'),
('26','13','approved','1987-01-14 07:57:20','1990-07-05 11:30:34'),
('26','47','declined','2009-02-02 18:47:50','1975-07-31 22:59:16'),
('27','10','declined','1974-01-08 03:50:10','2006-01-08 06:55:45'),
('28','86','requested','1983-01-26 18:16:23','1994-10-07 11:43:26'),
('29','1','declined','1987-07-19 09:23:03','1999-01-31 21:13:30'),
('29','36','requested','1980-11-13 11:05:25','2005-01-06 05:36:41'),
('30','56','approved','2009-08-28 19:07:46','1984-01-12 07:02:09'),
('31','93','approved','2011-11-10 16:15:04','1980-04-30 05:47:02'),
('33','54','declined','2004-10-15 13:34:44','1986-01-20 06:23:38'),
('34','75','approved','1993-09-09 05:31:01','2006-03-06 09:07:02'),
('35','21','unfriended','2020-08-31 00:26:46','1983-02-22 16:21:09'),
('36','40','requested','2011-09-09 12:29:12','1972-01-23 01:00:47'),
('38','9','unfriended','1986-01-14 04:00:20','1982-01-20 12:56:11'),
('38','53','declined','1987-08-08 07:42:34','1990-01-13 07:23:41'),
('39','31','approved','1998-01-19 10:55:46','2019-05-05 02:07:50'),
('40','56','approved','2015-03-12 21:45:10','2011-11-20 04:37:40'),
('41','77','declined','1971-08-25 22:33:10','2005-02-18 07:02:26'),
('44','7','unfriended','1994-04-20 15:22:32','1993-02-11 03:23:22'),
('44','84','requested','2011-10-02 20:20:33','2012-02-16 22:16:13'),
('45','53','declined','1989-01-06 19:43:02','1970-02-10 00:22:40'),
('45','69','requested','1975-12-16 14:23:33','1971-01-06 07:45:26'),
('45','89','declined','1980-07-11 14:55:22','2013-10-09 10:37:49'),
('46','16','approved','2006-07-06 10:26:50','1983-05-13 00:14:24'),
('46','78','approved','1979-12-27 04:07:37','1994-11-08 23:06:54'),
('48','57','unfriended','1974-02-05 05:33:12','2009-12-13 18:07:27'),
('50','16','declined','1999-07-02 03:10:18','2009-08-17 23:14:15'),
('51','26','approved','1984-02-22 05:01:54','1998-02-08 09:27:42'),
('51','38','declined','2009-03-07 19:05:38','1971-09-13 07:03:03'),
('51','58','requested','1999-10-15 17:52:06','2013-03-06 09:42:59'),
('53','55','declined','1973-07-24 06:55:21','1995-11-22 18:28:20'),
('54','94','unfriended','2001-01-04 17:09:25','2018-02-19 03:01:40'),
('57','42','approved','1991-11-04 03:04:40','1980-08-31 22:57:52'),
('57','90','requested','2004-10-06 10:19:45','1996-07-23 02:19:32'),
('58','42','declined','2001-05-17 20:17:15','1977-03-11 21:58:19'),
('59','6','approved','2000-03-06 17:51:38','1982-10-19 15:15:35'),
('59','76','unfriended','1999-10-21 16:45:15','1999-08-18 00:18:31'),
('60','41','requested','1995-08-02 15:33:23','2004-04-01 23:46:59'),
('60','71','requested','2011-09-21 19:20:41','1981-02-03 22:06:02'),
('62','19','approved','2019-09-12 07:50:15','2006-11-02 18:12:17'),
('62','24','unfriended','1980-01-25 03:25:10','1999-03-31 06:52:34'),
('62','48','declined','1972-07-05 06:14:42','1989-06-26 13:05:21'),
('63','5','approved','2019-05-01 04:13:03','1989-07-09 08:57:05'),
('64','39','requested','1991-10-06 05:46:04','1971-11-12 08:58:55'),
('64','62','requested','1981-06-20 07:41:30','1999-05-05 23:19:46'),
('65','69','unfriended','1990-05-05 05:40:10','2016-02-19 03:34:22'),
('66','82','requested','1990-09-21 03:11:14','1980-03-04 06:48:21'),
('68','14','approved','2013-04-07 06:04:03','1985-06-10 05:02:08'),
('68','56','approved','1974-08-14 07:03:08','1974-07-28 21:53:15'),
('69','67','declined','2007-10-20 06:03:59','1984-04-03 18:33:25'),
('70','69','declined','2010-08-14 04:27:54','1990-07-11 00:39:36'),
('71','10','unfriended','1989-04-24 16:36:15','1983-10-10 00:11:34'),
('73','65','approved','2015-11-19 08:10:55','2011-01-21 19:29:27'),
('73','73','requested','1989-03-27 13:12:54','1994-02-23 21:59:29'),
('74','28','requested','1993-01-07 21:03:03','1974-04-11 06:19:22'),
('75','24','approved','1977-10-05 05:01:29','1973-11-11 10:51:47'),
('79','75','requested','2014-09-09 22:42:09','2002-10-22 21:21:21'),
('81','82','declined','1983-05-26 08:06:40','1970-10-30 20:07:41'),
('85','19','declined','2001-01-01 23:31:42','1971-07-07 12:00:52'),
('86','85','declined','1986-09-08 11:54:50','1985-01-04 14:09:29'),
('87','44','requested','2007-08-01 04:12:23','1981-12-11 06:58:10'),
('87','59','unfriended','1983-04-06 22:25:03','2000-05-03 02:02:56'),
('87','84','requested','2017-08-10 14:31:32','1988-04-20 22:41:44'),
('88','63','declined','1970-05-22 09:15:07','1975-09-15 09:12:03'),
('88','74','requested','2020-08-04 04:03:51','1988-12-20 17:18:08'),
('89','16','approved','1995-05-21 16:37:36','2010-12-05 00:17:25'),
('89','52','requested','2013-10-21 10:00:33','1999-04-26 18:10:48'),
('90','41','approved','2004-04-07 07:41:49','2002-05-22 12:44:13'),
('93','71','unfriended','2010-12-04 10:12:36','2000-06-12 22:50:24'),
('94','84','approved','2007-09-26 01:06:57','2008-03-31 13:11:59'),
('95','11','unfriended','2007-03-25 13:33:11','1980-09-22 05:03:42'),
('95','22','declined','1982-07-27 07:17:42','2006-04-13 19:38:33'),
('96','46','approved','1994-05-29 06:13:10','2000-08-31 04:34:04'),
('96','81','approved','1994-04-14 04:48:41','1995-03-15 16:15:18'),
('96','96','declined','2019-03-09 23:49:41','1986-09-07 04:51:58'),
('97','51','declined','2020-01-15 04:45:18','2011-03-16 04:31:13'),
('97','53','unfriended','1985-03-05 12:53:15','1998-10-20 11:04:44'),
('97','66','requested','2001-04-15 05:07:34','2006-07-29 01:06:14'),
('97','68','approved','2012-01-17 06:01:15','1984-07-12 02:55:18'),
('97','98','unfriended','2002-03-21 08:51:43','1990-05-23 04:24:41'),
('99','70','unfriended','2013-11-02 17:51:47','1999-01-05 13:24:58'),
('99','98','approved','1997-01-01 02:55:14','2009-07-08 03:24:43'),
('100','49','approved','2014-02-17 04:36:12','2008-04-01 05:25:35');

INSERT INTO `likes_photos` VALUES ('1','12','28','0','1985-11-25 21:05:34'),
('2','95','14','1','2010-12-11 10:05:31'),
('3','97','32','0','1993-04-26 11:24:25'),
('4','73','51','1','1972-07-10 11:05:31'),
('5','11','139','0','2005-02-02 02:43:18'),
('6','47','121','0','1995-03-27 03:44:20'),
('7','84','118','0','1995-06-27 05:25:30'),
('8','78','137','1','2009-08-09 23:12:36'),
('9','10','143','1','1971-02-02 10:02:12'),
('10','92','48','1','1980-05-15 10:37:39'),
('11','67','39','0','1972-09-24 14:50:28'),
('12','97','6','0','2013-09-03 15:28:05'),
('13','43','196','1','2019-12-01 23:01:13'),
('14','93','89','1','1990-03-06 20:23:00'),
('15','58','106','1','2019-07-28 12:32:14'),
('16','15','139','1','2013-08-03 17:39:40'),
('17','67','19','0','2003-06-04 21:28:52'),
('18','77','127','0','2016-10-18 03:12:26'),
('19','25','97','0','1980-04-29 15:17:07'),
('20','89','71','1','1992-03-08 16:59:21'),
('21','18','71','0','1995-12-23 15:07:58'),
('22','96','2','0','2017-05-02 03:58:49'),
('23','94','146','1','2015-05-28 23:12:56'),
('24','70','7','1','1996-05-31 11:28:48'),
('25','44','123','1','1979-02-24 01:47:39'),
('26','28','21','1','2014-06-10 13:36:06'),
('27','81','49','0','2020-06-23 17:28:45'),
('28','13','46','1','1989-08-12 22:11:58'),
('29','22','11','1','2008-03-25 18:24:28'),
('30','67','159','0','2016-03-13 05:31:13'),
('31','59','163','0','1971-01-05 05:46:45'),
('32','49','50','0','1996-04-17 08:05:39'),
('33','91','50','1','1997-12-17 03:21:38'),
('34','88','31','1','2000-12-24 02:12:00'),
('35','73','153','1','1997-11-23 09:40:30'),
('36','51','180','1','1974-09-04 07:35:01'),
('37','12','93','1','1973-06-28 19:19:29'),
('38','91','11','1','2003-08-07 17:50:19'),
('39','19','120','1','2019-08-04 07:22:31'),
('40','9','125','0','1971-04-30 14:06:25'),
('41','21','71','0','1980-12-03 08:29:03'),
('42','73','2','1','1997-05-20 21:02:13'),
('43','60','171','0','2017-02-19 10:37:02'),
('44','24','163','0','2020-03-06 18:04:36'),
('45','91','181','0','2003-03-26 17:39:03'),
('46','61','98','0','2005-02-03 04:28:12'),
('47','72','18','0','2006-07-01 15:05:26'),
('48','74','125','1','2014-12-20 21:15:55'),
('49','34','124','1','1988-08-19 05:53:17'),
('50','78','13','0','1973-03-18 00:25:28'),
('51','38','57','0','1978-06-12 08:08:40'),
('52','97','99','0','2016-11-04 20:51:03'),
('53','75','174','0','2011-03-31 16:20:36'),
('54','55','186','1','2016-09-04 03:21:29'),
('55','47','126','1','2014-05-06 03:26:02'),
('56','56','134','1','2002-04-11 07:56:13'),
('57','99','56','0','1982-08-16 05:21:08'),
('58','68','116','1','2014-08-31 19:49:30'),
('59','14','182','1','1983-05-11 19:33:10'),
('60','39','8','1','2013-03-05 09:04:35'),
('61','81','199','1','2018-01-13 22:04:53'),
('62','53','105','0','1984-02-19 07:09:27'),
('63','9','53','0','1993-04-07 03:34:43'),
('64','15','84','1','1991-11-26 20:20:17'),
('65','88','184','1','2010-12-26 07:38:22'),
('66','49','52','1','2019-02-26 23:15:09'),
('67','20','89','0','1982-10-16 09:39:03'),
('68','75','188','1','1973-07-20 10:14:45'),
('69','31','59','1','2013-03-28 06:15:45'),
('70','87','155','0','2012-05-24 16:29:57'),
('71','93','84','0','1980-10-30 00:13:37'),
('72','44','181','1','1991-10-31 05:32:18'),
('73','70','23','1','1982-11-14 07:02:33'),
('74','48','165','0','1980-04-22 19:40:43'),
('75','2','174','1','2009-07-19 19:04:34'),
('76','87','166','0','2010-12-22 00:32:25'),
('77','87','78','1','2005-12-01 06:26:47'),
('78','35','189','0','2013-04-16 22:14:35'),
('79','65','99','0','1975-04-07 01:17:38'),
('80','37','106','1','1970-11-26 18:33:50'),
('81','41','169','1','1993-05-07 04:17:43'),
('82','79','122','1','1990-08-28 22:11:10'),
('83','29','106','1','1983-02-06 01:09:54'),
('84','55','119','1','1997-06-17 04:03:43'),
('85','83','83','0','1975-02-14 02:25:07'),
('86','37','149','1','1997-08-28 15:57:25'),
('87','83','161','0','2012-07-03 01:11:44'),
('88','65','105','0','1971-01-21 10:58:13'),
('89','92','25','0','2017-11-30 16:02:39'),
('90','35','187','0','1977-11-18 19:44:56'),
('91','100','42','0','2016-12-29 06:25:26'),
('92','76','171','1','2016-08-19 08:52:20'),
('93','60','21','0','1982-03-05 18:57:56'),
('94','80','49','1','1977-07-16 09:17:06'),
('95','60','32','0','1991-10-11 09:10:30'),
('96','77','2','0','1992-11-15 10:15:19'),
('97','100','111','1','2018-01-30 09:21:07'),
('98','62','57','0','2017-01-13 08:00:25'),
('99','8','32','1','1986-03-02 07:40:35'),
('100','88','181','0','2008-11-06 13:17:55'); 

INSERT INTO `likes_posts` VALUES ('1','70','22','1','2001-01-26 08:11:56'),
('2','38','68','0','2016-07-22 17:39:49'),
('3','46','88','0','2002-03-26 07:12:37'),
('4','58','91','1','2002-04-01 18:35:03'),
('5','79','31','0','2019-09-20 03:18:39'),
('6','37','65','0','1988-07-07 20:13:03'),
('7','37','88','1','1984-12-10 19:49:39'),
('8','86','32','1','1985-11-28 17:16:04'),
('9','41','41','0','1970-11-19 23:41:51'),
('10','61','80','1','2011-11-01 02:41:18'),
('11','60','46','0','2017-08-31 10:13:12'),
('12','24','51','1','2006-11-13 10:32:04'),
('13','95','84','1','1992-03-25 21:03:32'),
('14','98','28','0','1997-12-15 00:37:11'),
('15','56','65','1','1982-12-19 02:05:41'),
('16','37','25','1','1988-09-05 23:17:46'),
('17','86','75','0','1983-10-19 08:21:53'),
('18','92','32','0','1988-08-24 16:13:56'),
('19','62','50','1','1982-11-07 06:28:48'),
('20','22','40','0','1979-05-11 14:22:45'),
('21','80','59','0','1998-08-23 00:28:07'),
('22','4','16','0','1995-07-12 13:56:29'),
('23','47','90','0','1992-06-27 20:42:30'),
('24','47','87','1','1996-12-10 02:42:15'),
('25','30','7','1','2001-06-01 06:47:05'),
('26','66','90','1','2013-09-01 04:00:29'),
('27','53','89','0','2002-01-31 10:31:50'),
('28','41','47','0','1998-11-24 10:19:34'),
('29','73','38','0','1982-09-07 13:50:23'),
('30','75','28','0','1970-03-16 09:41:30'),
('31','2','11','0','1989-01-23 09:50:25'),
('32','52','88','0','1995-12-19 21:19:39'),
('33','85','44','1','2013-06-28 16:06:09'),
('34','19','47','0','2013-11-29 01:51:11'),
('35','93','40','1','1979-05-28 19:10:27'),
('36','87','73','0','2008-03-05 21:09:59'),
('37','99','91','0','1997-10-06 21:03:35'),
('38','89','45','1','2014-06-25 07:16:05'),
('39','80','35','1','1978-03-31 06:43:24'),
('40','32','9','1','1986-11-15 12:38:48'),
('41','42','98','0','2004-05-13 13:25:09'),
('42','99','95','0','1984-03-18 17:07:53'),
('43','87','39','1','1974-10-23 19:24:03'),
('44','42','59','0','1976-08-25 23:25:15'),
('45','76','16','0','1999-07-08 23:15:58'),
('46','86','78','0','1999-12-27 00:44:25'),
('47','27','38','0','2018-08-10 05:43:08'),
('48','65','12','1','1987-02-23 00:23:34'),
('49','81','83','1','2004-05-11 13:50:58'),
('50','58','74','1','2017-12-19 11:23:33'),
('51','23','44','0','1992-08-31 05:53:42'),
('52','46','21','1','1987-10-21 17:55:22'),
('53','34','34','1','1993-07-17 03:18:28'),
('54','66','13','1','1975-01-08 23:19:12'),
('55','69','98','0','1982-12-04 20:00:56'),
('56','22','11','0','2018-11-16 13:07:59'),
('57','95','20','1','2009-08-03 09:58:06'),
('58','5','81','0','1998-04-24 08:17:12'),
('59','58','46','0','2019-04-25 11:33:34'),
('60','39','34','1','1971-04-01 19:42:03'),
('61','62','24','0','1974-07-22 22:35:07'),
('62','11','88','1','2011-03-13 09:37:49'),
('63','62','75','0','2001-08-31 01:35:52'),
('64','99','42','0','1975-04-04 22:18:46'),
('65','58','57','1','2017-08-01 09:53:47'),
('66','15','81','0','2019-08-18 03:42:45'),
('67','100','61','0','2005-06-15 18:16:16'),
('68','2','34','1','2006-07-03 19:39:24'),
('69','94','68','1','1971-09-09 04:00:04'),
('70','47','63','1','1972-09-13 18:49:36'),
('71','65','69','0','1996-07-20 01:22:51'),
('72','73','59','0','2010-12-09 23:52:41'),
('73','88','78','0','2004-09-02 09:16:57'),
('74','39','46','1','1980-08-13 04:17:21'),
('75','24','77','0','1985-07-11 14:11:09'),
('76','79','85','1','2009-11-06 16:01:11'),
('77','1','90','1','2003-11-16 22:35:55'),
('78','72','62','0','2014-08-28 21:47:07'),
('79','65','71','0','1986-02-19 05:37:32'),
('80','4','22','0','2020-05-13 23:38:05'),
('81','27','19','1','1998-06-08 18:27:46'),
('82','3','27','0','2017-08-28 11:32:55'),
('83','79','4','0','1991-07-27 02:42:56'),
('84','60','73','0','1993-04-27 19:47:17'),
('85','71','7','0','1973-01-30 12:38:34'),
('86','36','35','0','1985-09-14 00:44:49'),
('87','75','9','0','1986-03-13 15:15:58'),
('88','93','63','0','1970-12-28 04:54:31'),
('89','86','32','0','1989-05-12 01:01:37'),
('90','8','10','1','1998-10-25 01:56:00'),
('91','9','87','0','1996-08-25 23:35:42'),
('92','94','9','1','1978-05-01 13:28:27'),
('93','77','66','1','2018-11-21 00:46:14'),
('94','71','41','0','1981-08-24 21:48:53'),
('95','37','75','0','2010-06-05 01:44:46'),
('96','63','63','0','1976-01-01 19:02:46'),
('97','93','65','1','2018-09-23 13:52:26'),
('98','90','72','1','1987-05-11 22:15:09'),
('99','69','50','0','1982-03-21 10:33:33'),
('100','44','39','1','2007-12-08 17:01:43'); 

INSERT INTO `likes_users` VALUES ('1','31','17','0','2006-10-22 14:05:23'),
('2','75','84','1','2015-01-22 08:53:48'),
('3','96','97','0','1974-05-12 01:54:28'),
('4','9','22','1','1986-11-05 07:23:18'),
('5','31','4','1','2018-12-27 00:10:00'),
('6','72','77','1','2006-04-30 13:49:01'),
('7','28','12','0','1970-04-07 16:26:31'),
('8','73','20','0','2010-12-16 19:17:08'),
('9','95','82','1','1982-04-02 00:14:35'),
('10','71','30','1','1974-12-10 07:53:11'),
('11','31','25','0','1977-03-04 01:31:37'),
('12','48','81','1','2007-03-05 05:10:17'),
('13','98','57','0','1989-04-10 00:19:21'),
('14','51','90','1','2006-09-01 04:37:28'),
('15','14','85','1','1978-10-16 05:02:31'),
('16','13','44','1','1985-03-22 06:44:49'),
('17','2','88','1','1986-10-03 01:07:11'),
('18','28','97','0','1985-10-10 05:04:09'),
('19','84','36','0','2003-07-20 01:17:47'),
('20','19','15','1','2015-10-07 15:56:06'),
('21','40','90','1','2017-09-18 16:39:43'),
('22','91','68','1','1993-11-07 15:50:28'),
('23','1','63','0','1978-03-15 09:54:31'),
('24','87','96','0','1973-02-27 08:58:58'),
('25','44','58','1','1977-08-25 15:24:17'),
('26','26','75','1','1989-07-08 17:29:59'),
('27','82','73','0','2015-02-06 13:38:17'),
('28','56','79','0','1978-08-19 07:49:47'),
('29','30','6','1','1993-05-08 00:07:14'),
('30','68','43','1','1999-07-12 19:24:04'),
('31','90','81','0','1971-09-25 18:56:07'),
('32','87','91','1','1990-03-24 01:49:33'),
('33','69','15','1','2016-02-17 20:07:56'),
('34','88','53','0','1972-05-05 02:02:14'),
('35','50','7','0','1977-12-24 14:01:53'),
('36','67','90','0','2008-08-06 02:09:57'),
('37','97','58','0','2010-07-22 07:21:30'),
('38','58','97','0','2016-06-05 23:22:01'),
('39','21','44','1','1981-09-27 05:33:14'),
('40','93','65','0','1999-04-06 09:17:27'),
('41','1','18','1','1989-12-03 12:03:07'),
('42','40','83','0','2004-08-15 20:46:35'),
('43','91','95','0','1981-08-16 01:49:26'),
('44','62','20','1','2007-10-31 13:45:18'),
('45','1','30','0','2011-03-19 11:05:50'),
('46','63','91','1','1974-10-01 12:01:05'),
('47','10','50','0','2009-01-06 19:03:00'),
('48','82','79','1','1978-11-07 08:02:19'),
('49','64','70','1','1971-03-14 10:56:13'),
('50','31','14','0','2004-01-03 13:27:13'),
('51','76','98','0','1983-10-09 04:55:54'),
('52','3','72','1','2016-03-19 16:18:57'),
('53','56','60','1','1973-06-14 04:32:57'),
('54','69','76','0','1978-03-07 21:41:15'),
('55','4','61','0','2005-12-03 23:33:27'),
('56','40','5','1','1986-07-19 21:48:16'),
('57','79','80','1','1993-09-18 01:53:47'),
('58','88','69','0','2020-07-15 23:19:52'),
('59','74','49','0','1971-04-28 03:12:51'),
('60','89','75','0','1974-03-06 21:01:31'),
('61','78','52','0','2003-02-24 14:39:54'),
('62','65','88','1','1970-10-28 18:40:00'),
('63','1','47','1','1974-09-27 13:02:33'),
('64','66','64','1','1981-05-27 21:25:03'),
('65','16','97','0','1986-10-24 04:50:19'),
('66','77','91','1','1986-12-29 03:18:45'),
('67','94','80','0','2016-12-28 03:23:28'),
('68','62','49','0','1981-04-25 14:18:18'),
('69','40','31','0','2015-05-27 18:13:04'),
('70','25','44','1','1974-07-02 15:32:16'),
('71','92','65','0','2006-12-17 09:52:16'),
('72','48','70','0','1996-02-18 03:37:35'),
('73','44','35','0','1988-06-23 22:20:07'),
('74','39','18','0','1977-12-11 05:05:19'),
('75','84','28','0','1997-06-14 11:25:26'),
('76','92','61','1','1986-01-15 05:28:17'),
('77','79','57','0','1976-12-01 01:04:26'),
('78','49','79','0','2011-01-05 14:34:21'),
('79','3','14','0','1992-11-26 12:55:22'),
('80','43','18','0','1976-01-15 08:12:37'),
('81','11','20','1','1984-10-05 19:56:26'),
('82','8','4','1','1998-11-08 08:40:36'),
('83','100','70','1','1971-03-01 05:23:08'),
('84','53','39','1','1990-11-05 16:27:50'),
('85','100','77','0','2015-01-26 20:32:40'),
('86','82','92','1','1995-07-03 21:30:33'),
('87','42','30','1','1972-06-01 21:16:06'),
('88','61','85','0','2008-04-02 04:23:24'),
('89','65','100','0','2013-07-02 17:28:24'),
('90','2','49','1','1992-12-29 06:53:32'),
('91','27','94','0','2004-03-30 11:26:25'),
('92','9','5','1','1997-10-12 06:03:00'),
('93','50','58','1','1975-10-13 18:22:36'),
('94','84','52','0','2008-11-14 02:24:21'),
('95','71','26','1','2016-07-26 20:02:51'),
('96','70','82','0','1970-02-11 20:22:38'),
('97','46','77','0','2007-04-14 15:30:09'),
('98','86','45','0','2010-12-28 22:23:17'),
('99','47','38','0','1970-06-27 04:36:51'),
('100','83','47','1','2008-12-05 01:43:35'); 

INSERT INTO `messages` VALUES ('1','88','77','Molestias repellendus modi itaque molestias nihil quia. Incidunt debitis quas iure hic et. Expedita laudantium nulla facilis corrupti laboriosam error. Ipsam suscipit eligendi provident cum nemo eum.','0','1990-10-13 09:00:28'),
('2','58','41','Nulla necessitatibus rerum est earum aut porro rerum quas. Accusamus voluptate quibusdam nihil ipsam dolorem nulla.','0','1977-02-20 13:15:09'),
('3','38','50','Architecto eum nobis reiciendis dolores vitae qui et. Et commodi eum atque et autem voluptatem. Omnis facere aperiam voluptas eos alias ullam. Natus non quis aut ut suscipit deleniti.','0','1997-02-14 23:46:52'),
('4','72','36','Voluptas perferendis maiores id et fugit ipsam. Iste maiores qui qui rerum earum.','0','1997-10-12 02:44:23'),
('5','4','71','Perspiciatis odio eveniet consequatur molestiae. Quas mollitia soluta hic ut qui. Rerum nostrum qui hic quia.','1','1979-09-16 02:45:41'),
('6','28','47','Accusamus distinctio repudiandae hic et. Deleniti modi eos et alias quisquam et. Officiis magnam quibusdam quis soluta dolore porro. Ex sint perferendis sed cupiditate incidunt. Error et itaque accusantium et qui voluptatum.','1','1982-04-30 08:19:03'),
('7','60','84','Molestiae nobis eum quis quae. Velit facere itaque dolores nostrum adipisci illo aut. Perspiciatis optio et inventore. Ducimus facere animi dolores.','0','2004-06-17 17:34:43'),
('8','63','100','Quidem reprehenderit culpa soluta animi sequi ea pariatur. Quo facilis repudiandae ut quis. Sed doloremque maiores amet earum et nulla. Voluptatum ut eos at eos.','0','1983-03-19 21:44:15'),
('9','19','33','Laboriosam quis facere dolor praesentium quas. Porro cupiditate asperiores qui aut consequatur sequi. Et odio aut esse ab et ut aut.','1','2016-11-25 12:56:30'),
('10','30','59','Reiciendis quam est voluptas. Aliquam aut impedit reprehenderit voluptas deserunt. Quis pariatur voluptatem ut ad quis nobis et.','0','2013-10-26 05:39:59'),
('11','27','79','Mollitia autem et ut dolor blanditiis. Consequuntur veritatis est animi autem dolore. Eveniet velit quidem atque magni. Consequuntur id autem ea quasi aliquid.','0','2002-06-03 00:51:09'),
('12','9','70','Nobis quas fuga saepe. Excepturi aut molestias numquam et culpa in. Impedit ut sed iste officiis veritatis quia vero.','0','1982-10-22 17:33:50'),
('13','71','38','Et ut est laborum molestiae. Aut sit sed suscipit saepe qui. Facilis dolores ratione voluptatem blanditiis voluptatem eaque doloribus. Assumenda et adipisci labore perspiciatis omnis omnis aut.','1','1990-01-21 00:50:47'),
('14','48','47','Similique eius et aut est voluptas quod quo est. Similique voluptatum harum quia labore rerum. Quos reprehenderit pariatur exercitationem temporibus deleniti nostrum libero. Velit quae natus ad perferendis et voluptas mollitia. Ab eaque non dolores itaque enim est delectus.','0','1977-11-14 21:13:59'),
('15','53','35','A iusto dolore qui neque culpa et architecto sit. Provident et animi et et qui unde quasi voluptates. Soluta officia odit ea recusandae et ipsa.','1','1978-11-19 02:01:55'),
('16','77','41','Similique rerum vitae cupiditate cupiditate. Delectus a neque soluta. Sed sit dicta blanditiis. Ut omnis similique adipisci repellendus vero et.','0','1987-11-08 07:15:06'),
('17','11','35','Accusantium sed tempore nostrum nihil consequatur veniam. Veniam laudantium et a adipisci voluptatum dolor. Vel possimus et officia minima. Tempore numquam quos velit esse itaque sit illum.','0','1971-01-04 09:03:42'),
('18','82','49','Quas consequatur molestias corporis non adipisci at. Distinctio expedita labore enim laboriosam impedit excepturi. Voluptatem labore laudantium enim explicabo. Ducimus deserunt impedit consequatur fuga commodi temporibus exercitationem. Modi dolor est repellendus dignissimos.','1','1974-09-05 00:22:00'),
('19','84','53','Consequuntur quidem veritatis mollitia vitae in commodi quis non. Reiciendis beatae neque veritatis voluptas. Tempora perspiciatis provident aut officia deleniti tempora deleniti.','0','1979-02-25 03:33:34'),
('20','84','87','Quos laborum odio aut ut distinctio deserunt. Commodi facilis dolor autem qui dicta tenetur non voluptas. In officiis quidem sint aut quam. Ut adipisci voluptas doloribus nulla facere quam.','0','1985-05-24 05:47:54'),
('21','24','12','Ut rerum deserunt quam magnam maxime. Praesentium culpa assumenda impedit natus at aliquid iusto. Sit quia est id et accusantium. Doloribus voluptatem aliquam ea non et dolor facilis.','0','1994-08-17 15:26:59'),
('22','33','83','Dolorem numquam alias ut in. Dolores adipisci ipsam quia alias. Sunt molestiae nihil sit consequuntur sed et qui. Numquam ullam enim sunt dolor deleniti et.','0','1990-12-01 08:38:22'),
('23','95','96','Non optio necessitatibus eligendi nostrum. Inventore et corporis deserunt vel aliquid et. Aut dolorum et asperiores doloremque quis.','0','1983-07-28 11:10:04'),
('24','83','14','Iure qui ducimus minima vel fugiat amet numquam. Quos voluptatum ullam minus sed autem. Accusamus et soluta quo exercitationem ullam quibusdam.','1','2008-06-21 07:18:16'),
('25','28','12','Autem qui non necessitatibus quod et corrupti in vitae. Cumque impedit commodi ipsa. Vel quas reiciendis vero dolores quia. Voluptas eveniet est dignissimos ad.','0','1975-12-15 11:19:48'),
('26','73','54','Architecto temporibus qui voluptas. Possimus facere voluptatem quas. Sit modi quasi reprehenderit aut consequatur. Exercitationem facere non suscipit.','1','1982-12-10 18:27:52'),
('27','91','81','Tempore delectus illum soluta debitis laborum officiis. Laboriosam in amet molestiae modi ut ducimus enim. Et aut dolor molestiae commodi provident deleniti. Error dignissimos quia aspernatur deleniti odit sunt facilis.','0','1977-11-11 20:32:29'),
('28','24','61','Unde soluta soluta suscipit a necessitatibus recusandae omnis. Iusto tempore veniam et ut. Deleniti ad amet eos laudantium sit reprehenderit quisquam.','0','1997-12-13 23:00:55'),
('29','18','71','Nemo aut officia ut accusamus. Ab dicta eveniet suscipit dolores. Odit rerum alias provident esse ea deserunt odit nemo. Aspernatur quaerat ut culpa perferendis laborum officia veritatis.','0','1985-06-01 07:38:45'),
('30','8','71','Amet doloribus ullam cum accusantium facilis. Qui et accusantium ducimus est reiciendis aliquid possimus. Nemo voluptatibus velit dicta non porro cupiditate ex.','1','1986-08-24 13:33:56'),
('31','6','85','Qui commodi necessitatibus aliquid sit rerum quasi molestias rem. Perspiciatis qui mollitia optio quos. Quia incidunt quae minus sed. Omnis soluta aut consequatur explicabo.','0','1992-12-16 01:14:46'),
('32','11','17','Et et nesciunt omnis dicta est autem. Ut fugiat consequatur iste autem esse. Repellat quam sed quasi est nisi quidem quaerat. Sed molestiae error esse.','1','2012-10-12 19:06:16'),
('33','19','92','Dolores repellendus sed laboriosam mollitia excepturi id. Minima autem omnis ullam vero saepe voluptatem voluptas cum. Repellat pariatur architecto et fugiat. Rerum inventore voluptates hic dolor tempora consequatur.','1','1976-07-14 17:27:55'),
('34','65','2','Mollitia cumque inventore consequatur dolorum nulla optio laudantium. Molestias suscipit velit eveniet eos esse ut explicabo. Voluptatum molestias voluptatum non eaque eos illum blanditiis.','1','2008-12-07 15:23:58'),
('35','45','49','Sint odit aut qui eligendi id consequatur. Consequatur et qui totam dolores qui quia est optio. Consequuntur omnis necessitatibus et quis atque sed asperiores. Aliquam ut alias explicabo iure laudantium repellendus.','1','1976-09-12 02:16:07'),
('36','89','69','Iste non earum distinctio voluptas eos aut labore. Vel quia voluptatum sit nam. Perspiciatis laudantium quia quaerat odio.','1','1978-01-22 08:38:15'),
('37','60','22','Sunt reiciendis odio aspernatur quia quia neque. Explicabo ut nihil sit similique. Iste excepturi dolor reiciendis sunt deserunt nihil omnis. Aut vel similique et et.','0','2001-07-14 13:21:49'),
('38','52','55','Molestiae quo qui eum. Voluptates omnis omnis qui voluptatem ipsam non rem. Dolores ullam recusandae id aut. Dolor sit ullam sed eaque.','0','1985-11-10 20:26:34'),
('39','17','34','Suscipit deserunt et iste porro. Delectus facere rerum laboriosam. Illo omnis debitis sunt sint veniam autem. A fuga dolores voluptas.','0','1998-04-09 21:19:47'),
('40','68','44','Laboriosam ipsam et quis aliquid beatae voluptate. Corrupti aut autem possimus cupiditate sint voluptatem numquam. Qui illum aspernatur eveniet sed consequatur consequatur et. Hic voluptate ut dolores.','1','1970-10-09 15:06:57'),
('41','46','40','Omnis nihil ut quasi consequatur in fuga. Sit labore est illum omnis aperiam enim.','0','1992-05-18 02:34:04'),
('42','98','36','Optio quia excepturi nobis sed nisi rerum. Qui occaecati asperiores ad quae. Non et et neque labore sequi dignissimos. Dolorum natus magni dolorem et id officia exercitationem.','0','1975-12-03 14:23:57'),
('43','20','22','Ut sint atque sed laboriosam. Excepturi voluptas vel ipsam iste perspiciatis. Omnis nisi dicta voluptatem omnis.','0','1999-03-04 01:09:19'),
('44','97','38','Odit possimus voluptas sit voluptatem voluptatum sint minus. Nulla voluptatum iste saepe aut modi. Sed nihil aspernatur reprehenderit eum eos vero pariatur. Ducimus ratione vel consequatur veritatis aut accusantium est eligendi.','0','1993-03-26 11:51:41'),
('45','92','4','Id quibusdam id ipsum perspiciatis facilis. Tempore optio nesciunt adipisci qui quia. Molestiae libero aperiam soluta est sit ut magni. Totam assumenda ex earum sed.','1','2008-06-26 12:35:50'),
('46','8','97','Delectus soluta aut neque nesciunt inventore commodi qui. Quisquam iste qui quibusdam quam ut consequatur aut. Dolores quasi enim voluptatem ut architecto. Et qui rerum nihil.','1','1999-03-31 19:16:59'),
('47','88','18','Enim natus ut fugiat earum quo omnis ducimus. Sit aut animi error aut. Nostrum placeat fugit nostrum debitis autem vero.','1','1970-05-22 06:22:34'),
('48','13','7','Ut sunt omnis et cumque explicabo sunt. Distinctio voluptas et placeat quibusdam voluptatem. Et numquam in sit alias a adipisci. Quod cupiditate pariatur facilis molestiae consequatur iste.','0','2004-05-15 10:18:01'),
('49','9','77','Officia magnam ea fugiat ea. Quae omnis consequuntur sunt ipsam libero. Fugit et sunt magni eum dolor dolorum. Modi possimus commodi architecto odit non soluta.','0','2020-07-20 13:39:10'),
('50','9','54','Sunt incidunt aspernatur doloribus voluptatem doloribus voluptate corporis dolorem. Nihil ea quia est. Non culpa in omnis ut et vitae eos. Tempora molestiae eos quam reiciendis necessitatibus.','1','2002-06-09 22:36:51'),
('51','26','97','Facilis deleniti nulla aut nemo est consequatur sed dolor. Aliquid natus mollitia aut architecto voluptatem dolor ipsum est. Aut est dolorum ea. Maiores et officiis minima explicabo quibusdam.','0','1975-11-22 15:59:55'),
('52','22','85','Nesciunt autem est nam labore ut vitae. Nesciunt vero qui nihil illo quaerat debitis placeat. Voluptatem sint ratione harum explicabo molestiae nobis.','0','2001-06-15 19:59:55'),
('53','18','73','Ratione voluptatem est tempora quia odit eaque temporibus. Cumque eum tempore explicabo aut id veniam velit. Ut beatae et labore similique necessitatibus sit ut dolor. Asperiores alias veniam suscipit accusamus iusto dignissimos illum minus.','0','1979-05-10 15:19:52'),
('54','39','34','Sint suscipit atque dignissimos vel officia eligendi in earum. Harum hic autem vel veniam. Unde error amet earum eos sed est adipisci.','1','1995-02-05 23:04:36'),
('55','6','7','Magnam possimus aut omnis veniam voluptas. Quam repudiandae quis veniam corrupti eos enim iure.','1','2012-05-08 09:39:29'),
('56','78','51','Eius dicta molestiae aspernatur voluptatum ullam quos id. Inventore rerum maiores numquam cupiditate. Cupiditate eaque reiciendis sit excepturi est numquam et.','0','1983-12-30 20:04:07'),
('57','46','76','Eveniet eius quasi accusamus doloribus quibusdam facilis sit. Velit optio labore culpa ipsam aliquam vel perspiciatis nemo. Qui reiciendis tenetur sit sed veniam. Animi et perspiciatis eaque qui aut voluptas.','0','1991-07-10 21:47:31'),
('58','87','65','Aut sit et in deserunt. Perferendis nihil quisquam ipsam dicta optio. Aspernatur eveniet nemo eaque pariatur. Voluptatem pariatur perferendis hic dolorem a.','1','1990-04-20 09:47:08'),
('59','97','83','Mollitia recusandae sit et nihil. Blanditiis sed culpa sed. Rerum sequi ullam voluptatem odit error. Aut voluptas blanditiis voluptas quod. Deleniti dolorem at tempora voluptas cum exercitationem et.','1','1991-02-13 21:27:09'),
('60','2','89','Eos beatae nihil earum omnis ut repellendus. Unde consequatur iusto quia dolore autem est itaque. Doloribus et quas et temporibus.','0','2000-08-11 00:59:56'),
('61','87','10','Inventore deserunt quia dolor. Qui sed cum nostrum est et quam. Sint id a aliquam odit.','1','2000-05-22 06:29:39'),
('62','86','75','Dolores aut blanditiis ut sapiente soluta non. Culpa qui earum aut occaecati voluptatum nihil praesentium. Exercitationem quia et praesentium et autem.','0','1986-02-13 20:38:07'),
('63','27','98','Necessitatibus quam quo sint velit aut sequi. Vel omnis consectetur rerum libero sapiente atque. Sunt corporis deserunt numquam et ea aut vel sunt.','0','2007-03-10 15:45:00'),
('64','81','36','Excepturi natus atque possimus minima rerum dolore aut nihil. Autem possimus illo nemo. Eum quidem iste ad autem nisi non cumque. Aliquam sed ipsam aut ea voluptatem aliquam est.','1','1973-12-09 16:37:11'),
('65','75','89','Nostrum deleniti illo consequatur corrupti aperiam sit quis. Sequi praesentium aspernatur voluptatibus distinctio recusandae excepturi fugit. Esse modi recusandae perferendis voluptate vel dolorum vero.','1','1980-12-27 14:19:48'),
('66','89','100','Tempore ex eveniet dolor voluptas. Velit ut doloremque quis doloribus sint. Ad quis neque et. Aut sit qui mollitia.','1','1977-07-25 18:02:53'),
('67','85','11','Architecto rerum odio qui adipisci quo aut. Accusamus laudantium minus commodi. Asperiores et ut blanditiis laudantium eum pariatur.','1','2003-01-05 19:19:12'),
('68','85','3','Nostrum accusamus omnis eius voluptatem nihil voluptatum enim sit. Est qui et qui voluptatem ea. Dolore earum soluta corrupti voluptas non.','1','2018-08-30 16:14:22'),
('69','83','24','Et voluptas omnis aut facere maxime voluptatem esse non. Temporibus aliquid optio ipsa possimus. Qui in consequatur maxime praesentium consequatur.','0','2004-01-03 08:39:55'),
('70','36','89','Et dolorem in natus tempore et fugiat. Velit qui sit esse enim voluptas. Sed voluptatem est assumenda sunt atque ratione incidunt. Numquam nobis consequatur eaque occaecati.','1','1994-05-10 19:05:53'),
('71','30','14','Aliquam labore fugit quidem quibusdam impedit. Voluptas eum impedit dolor laudantium.','1','1983-08-03 18:10:38'),
('72','40','75','Cupiditate vel necessitatibus quas esse delectus. Ducimus quam eum architecto distinctio totam quia. Amet maxime excepturi ratione tenetur non quibusdam est. Nisi eum omnis id nobis.','1','1988-07-09 10:52:54'),
('73','89','26','In quis vero aut dolores. Possimus optio ut rerum iusto fugiat ea. Facere id autem cum repellat.','1','1978-03-27 14:45:12'),
('74','40','85','Provident tempore similique suscipit eligendi velit. Odio minus autem omnis. Quia temporibus sunt voluptatem saepe.','1','1994-02-22 11:34:24'),
('75','8','42','Doloremque molestiae est et quam. Debitis error porro veritatis. Voluptatibus molestiae in vel rerum nesciunt reiciendis quo.','0','1979-01-29 03:22:40'),
('76','74','95','Et commodi architecto consequuntur est doloribus. Consequatur vitae quia sequi sint. In pariatur minus cumque rerum.','0','1970-05-03 02:59:07'),
('77','51','59','Nesciunt consectetur sequi dolorem ducimus nemo magnam. Labore officia esse suscipit reiciendis eius.','1','1985-07-13 16:06:11'),
('78','69','78','Quisquam modi sit dignissimos non et non ut. Ut aspernatur nam ad. At aliquid cum consectetur perferendis. Quasi repellat expedita vel qui dolorum inventore.','0','1975-03-21 00:15:22'),
('79','57','49','Suscipit non suscipit natus non modi tenetur fuga. Voluptates deserunt recusandae doloribus doloremque optio quam. Voluptatem ipsa ut sit consectetur dolorem non cumque.','1','2006-11-26 13:41:58'),
('80','13','31','Vitae libero accusantium officia expedita alias sunt eum distinctio. Dolores odio nihil aut saepe amet labore blanditiis eligendi. Voluptatum ut eos consectetur enim aut necessitatibus velit. Asperiores odio ut voluptatem qui nemo.','1','2005-08-07 07:05:40'),
('81','38','2','Nihil fuga est a quia quod commodi. Dolorem dolorem architecto aut consequuntur voluptatum ea. Porro doloribus reprehenderit corrupti voluptatum similique quis deserunt. Aut debitis esse veritatis.','1','1984-09-17 21:51:28'),
('82','31','22','Voluptatibus qui expedita nobis qui maxime. Autem eius quo non est magnam at omnis. Voluptatibus ut ad repellat quis delectus sunt rerum.','1','1971-07-09 22:45:07'),
('83','12','16','Nulla facere sunt iusto iste aliquam. Et laborum aut commodi vel fuga laboriosam a eligendi. Quidem nostrum ad velit dolor. Consequatur placeat voluptate fugit dolores eos.','0','2016-12-20 14:34:22'),
('84','25','95','Quod quia quae dignissimos sed vel. Rerum animi harum sit repellat placeat. Sequi molestiae sed illo iusto earum hic et. Veniam placeat aut et sed.','1','1990-09-15 09:50:49'),
('85','39','60','Aut quasi qui deleniti voluptas non laudantium aperiam. Et repellendus perferendis sint. Et voluptatum dolore itaque nostrum blanditiis. Eos sapiente sed illo assumenda et.','0','2011-05-23 10:44:05'),
('86','83','68','Nesciunt modi delectus rem et ab est. Molestias repellat atque et debitis. Non ullam repellendus repellat explicabo. Labore sapiente sapiente similique atque est molestiae iure necessitatibus.','0','1976-01-11 14:27:10'),
('87','74','23','Nam pariatur aut numquam. Est dolores ea tempora eius architecto accusamus repellat. Laudantium nihil et vel cumque. Ut nihil nam rerum nisi dolorum dolorem consectetur.','0','2008-06-18 11:03:17'),
('88','43','62','Quia velit ut sed aut expedita. Quas non voluptatem ducimus quasi rem. Vel consequatur esse quis quisquam voluptate consequuntur eveniet aspernatur. Saepe ea consequatur quia.','0','2016-08-26 15:47:36'),
('89','48','82','Saepe at delectus occaecati impedit molestias ea dicta. Itaque dolores in praesentium non. Iure facilis qui quas reprehenderit.','0','2018-11-26 04:34:13'),
('90','47','56','Ea rerum sint est reprehenderit. Et molestiae omnis perspiciatis amet. Maiores aut expedita harum laboriosam dolor velit. Et est veniam id quis et explicabo sit.','0','1989-04-22 09:42:40'),
('91','24','20','Ut perferendis maiores et ea quo enim praesentium. Libero mollitia consectetur reiciendis perspiciatis. Voluptatem labore et occaecati voluptas aliquid neque. Omnis sapiente totam et debitis.','1','2010-11-09 10:30:25'),
('92','50','74','Perspiciatis mollitia est sit et. Aliquam consectetur sit quia beatae ut ab ut et. Occaecati est repellendus temporibus totam id nam maiores vel.','1','1980-02-20 02:27:07'),
('93','79','18','Quos doloremque tenetur assumenda omnis atque earum quidem. Dolores ex sunt vel praesentium reiciendis repellat. Minima animi voluptas quasi dolorum assumenda animi voluptatem cupiditate. Iure reiciendis minus eligendi similique dicta dolore.','0','1976-06-22 04:14:32'),
('94','51','35','Ducimus qui illo dignissimos tempora sint ea. Tempora sed et est et a dolor soluta. Perferendis sunt fugiat atque et qui.','0','1970-12-19 01:20:06'),
('95','67','64','Aut laudantium quis nisi qui qui omnis aliquam. Expedita modi eaque quia aut aperiam. Sapiente sint enim tempore doloremque et esse. Numquam sed dignissimos commodi excepturi modi eos esse.','0','2000-11-11 09:25:33'),
('96','66','4','Qui quaerat dignissimos totam vitae velit. Sed facere iure optio facere. Dolores adipisci id id nesciunt adipisci vero exercitationem. Recusandae maiores sed et reiciendis suscipit ab.','1','1984-09-27 19:45:54'),
('97','65','97','Quas quia perferendis porro provident. Repellat et et deleniti laborum libero. Aspernatur veniam sit dolorem autem aut ipsa.','1','2005-04-08 15:15:42'),
('98','26','76','Nihil libero tempore quo ad. Deserunt tempora occaecati doloribus temporibus quia odit et. Ut earum voluptas facere et.','0','1995-11-07 00:15:22'),
('99','12','50','Quisquam molestias deserunt minima quia corrupti velit ut minus. Repellat enim blanditiis sint libero nobis voluptatibus est. Odio cum id nesciunt porro animi nisi mollitia quae.','1','1976-12-24 15:42:53'),
('100','70','50','Eos necessitatibus error delectus ut non. Eos recusandae tempora labore sint molestiae ab soluta. Aut fuga ut iste quod nam id.','1','1985-08-10 23:42:31'); 


INSERT INTO `photos` VALUES ('1','90','Cumque veniam vel doloremque atque quos ut. Occaecati at quia suscipit quam sequi. Ab ratione cum ducimus dolores est facere.','sint'),
('2','1','Omnis pariatur quibusdam aliquid amet. Aut est ut culpa libero. Ducimus id deserunt est ut alias. Facere aut sit fugit eius ipsum eos atque.','rem'),
('3','86','Ut ducimus similique quae est dolor molestiae incidunt. Sint voluptatem maiores et aliquam tenetur cum. Quam sequi est iure et et cumque.','labore'),
('4','51','Saepe magni consectetur illo iure enim illum qui. Dignissimos nulla omnis non aut odit error quia hic.','quaerat'),
('5','90','Assumenda corporis vero mollitia et dolor dolores et quae. Quia voluptas eos quia ut. Qui eius culpa quo explicabo. Quo dignissimos eos in enim qui eligendi.','odit'),
('6','26','Provident vitae ipsa ipsum dolorem facilis et ex facilis. Laboriosam soluta omnis quas. Quibusdam ex impedit doloribus voluptatem. Voluptatem itaque et veniam quis ad qui ex.','a'),
('7','88','Expedita voluptatem tempora aut vel error. Nihil dolorem excepturi et non. Velit sequi est et dicta assumenda ea aut.','sunt'),
('8','7','Quisquam beatae alias aut id aliquid eos corrupti et. Et aperiam beatae omnis dolores sint illum et voluptatem. Corrupti illum asperiores rerum iure qui modi.','fugiat'),
('9','28','Quia libero delectus tempora neque ut facilis cumque. Repellendus eos optio nisi commodi explicabo nulla dolor.','necessitatibus'),
('10','78','Dolore minima adipisci non omnis et cupiditate. Dignissimos id perspiciatis inventore ea voluptates. Ad consequatur amet aliquam omnis odit dolores. Quam eum tenetur libero est.','quo'),
('11','21','Minima totam enim et. Eos optio architecto aut eligendi quae. Possimus possimus dolores qui possimus.','nihil'),
('12','90','Veritatis dolorem repudiandae cupiditate qui repudiandae. Officiis eaque et maiores minima ut illo. Incidunt corporis ducimus voluptatem iusto non. Ea unde nihil nisi suscipit.','alias'),
('13','70','Totam est voluptatum corporis quibusdam laborum magnam quidem. Porro doloremque quam explicabo et recusandae quia deleniti ut. Quo quis optio atque expedita sed.','quod'),
('14','81','Quia dolor quidem est itaque dicta incidunt omnis. Provident voluptas numquam possimus. Corporis accusantium in aliquid voluptates optio blanditiis. Eaque est in voluptatem et officia.','rerum'),
('15','25','Voluptas in perferendis id sunt quo et enim. In dolorum non nihil nisi ullam iste. Et quas error impedit quo.','excepturi'),
('16','90','Et exercitationem voluptates rem consequuntur est ut doloribus consequuntur. Magnam doloribus officiis perferendis. Ut dolorem aliquid accusamus ea occaecati.','qui'),
('17','33','Placeat in facere ipsa nulla et voluptatem. Necessitatibus asperiores cupiditate quod praesentium soluta officiis fugit harum. Nihil aut quos dolores fugiat cumque beatae.','nihil'),
('18','20','Excepturi et saepe dolorem ut ad distinctio. Ducimus hic non quisquam consequatur nostrum. Eos eum in suscipit esse aliquid ut et. Cumque consequatur beatae ut.','nihil'),
('19','50','Et natus reprehenderit fugit sed repudiandae aut et. Architecto autem dignissimos asperiores enim et delectus aut. Magnam est dolores qui repellat consectetur odit.','et'),
('20','50','Dolore earum nesciunt non voluptatibus hic ad voluptas. Asperiores qui temporibus beatae corporis aut qui. Vero enim dignissimos temporibus soluta. In nihil illo voluptatum sit delectus sit hic. Nobis neque ex provident.','ut'),
('21','6','Nesciunt aspernatur ut non consequatur suscipit velit. Sunt dignissimos minus aut quia soluta cumque rem. Sint minus dolorem non illo commodi sed sint. Ipsa omnis perferendis quibusdam ut magni.','numquam'),
('22','92','Distinctio et porro atque distinctio. Distinctio consectetur voluptate rem.','dolor'),
('23','88','Maiores harum eaque dolor eos. Molestiae sint quisquam laboriosam dicta assumenda qui. Accusantium alias vel molestias delectus rem tempore.','sit'),
('24','27','Quaerat architecto pariatur at quasi id et. Sit sed corporis voluptatem et. Corrupti nihil quia incidunt neque sed necessitatibus.','est'),
('25','50','Tempore quos dolorem doloremque distinctio commodi. Sed autem ab voluptate odio placeat nemo voluptatem ut. Quas deserunt beatae eos fuga repudiandae molestiae.','sint'),
('26','44','Atque autem ut pariatur rerum qui culpa. Et harum eos id sequi id qui. Et velit dolores sit et quia.','natus'),
('27','96','Ad eveniet maiores unde qui aut quia. Sed voluptate quis quas. Quia possimus excepturi placeat minima. Autem possimus at omnis molestias odio.','et'),
('28','82','Voluptatem accusamus eum quisquam doloremque quibusdam doloremque omnis. Delectus voluptatem vel sed nostrum debitis quam quas consequuntur. Vel vel voluptatum commodi aliquid. Necessitatibus delectus dolor facilis ducimus aut id alias.','qui'),
('29','81','Architecto quia earum deserunt aliquid qui. Autem doloribus reiciendis nulla eligendi quos cum.','qui'),
('30','76','Consectetur doloribus dicta quia amet molestiae. Enim iste cumque atque. Quis autem placeat dolores et et voluptas et consequuntur. Similique incidunt hic molestiae mollitia aspernatur perspiciatis velit.','nobis'),
('31','62','Ad atque ab error possimus qui dicta. Assumenda maiores iure quam. Ut accusamus voluptas autem quam eius. Tempora labore aut et ea.','atque'),
('32','70','Rerum est quibusdam possimus saepe nostrum. Eum quasi non ea magnam alias. Recusandae molestias assumenda blanditiis omnis.','consequuntur'),
('33','76','Corrupti eaque ratione autem a alias. Minus aut tempora sunt doloremque voluptatem voluptatum ipsa repellendus. Accusamus reprehenderit aut perferendis neque cum quia incidunt aut. Ut temporibus pariatur sunt soluta.','nisi'),
('34','47','Harum totam est delectus est ratione reprehenderit. Nostrum quia consequuntur qui ipsam. Qui id ipsum optio nihil.','incidunt'),
('35','21','Commodi in officiis quo aut eaque quia. Dolores velit est consequatur veritatis et veniam vel nulla. Fuga assumenda quia impedit voluptatem sit non. Inventore numquam numquam et nihil sed.','odio'),
('36','66','Delectus ullam ea sed. Velit molestias quisquam ut sunt molestiae nobis. Qui officia ut cum reprehenderit vero voluptas. Error deserunt quis laboriosam explicabo fuga.','eum'),
('37','73','Omnis quis mollitia voluptates omnis. Sapiente quia quae ut eveniet. Quia nulla est adipisci sapiente. Aut quia assumenda accusamus sint veniam.','velit'),
('38','8','Corrupti quam ex asperiores repellat et libero sapiente. Sit rerum debitis qui id quidem omnis veniam. Pariatur repellendus quia magni unde nihil ipsam quidem. Non autem adipisci a dicta qui sint.','natus'),
('39','73','Odit ipsam ut magnam voluptatem. Necessitatibus nisi sunt id tempora totam quis minima. Laborum est aperiam adipisci qui aut et et beatae. Non aut consequatur quo veniam autem quaerat nemo. Dolorum cumque sed inventore aliquam.','quia'),
('40','1','Non laborum id saepe aspernatur dolorem aut. Similique consequuntur eum et aperiam. Vel asperiores tempora voluptatem rerum amet qui.','et'),
('41','86','Rerum cumque laborum ducimus cum. Deserunt ut nostrum repellendus architecto ut similique perspiciatis quas. Ipsa illum unde occaecati vitae consequuntur sed nemo.','similique'),
('42','93','Et consequuntur ut dolorem. Animi delectus velit suscipit dolorem. Atque unde maxime architecto quas rerum doloremque magni qui. Ipsum vel ipsa odio.','repudiandae'),
('43','91','Vel quae in in. Tenetur voluptatibus odio dolor accusamus. Quas accusamus omnis et tenetur ab harum nesciunt. Sed ipsa amet aut rerum aliquam qui recusandae vitae.','vitae'),
('44','55','Aut iure officiis nisi. Rerum ut repellendus quos sint expedita qui odit. Atque magnam earum ab ducimus.','quasi'),
('45','74','Et quia nemo minima ducimus. Debitis fuga ut sit quaerat sint recusandae. Esse quia quo voluptatum dolorem facilis aut. Numquam occaecati aut dolor non blanditiis.','et'),
('46','16','Velit in sit fugiat amet qui. Et ea nobis aperiam labore voluptas ipsum. Tempore maxime veritatis corrupti est velit. Eveniet impedit enim atque id dicta maxime repudiandae.','est'),
('47','45','Qui est minus libero maxime quod. Eos ad sunt eaque id.','cum'),
('48','6','Esse cumque sint id corrupti non iusto. Sed veritatis est odit consequuntur quaerat est excepturi. Natus asperiores pariatur et. Voluptatem ipsa voluptatum vero fugit neque.','error'),
('49','35','Neque alias laudantium maiores rerum et. Repudiandae sit quibusdam odio nesciunt officia voluptate sed. Eos rerum omnis repellat minus vero omnis accusantium. Est placeat voluptatibus neque fugiat. Saepe voluptate error ullam et nihil recusandae et.','nihil'),
('50','95','Corrupti sit ducimus tenetur omnis aut excepturi. Consectetur ipsa dignissimos libero ducimus temporibus. Voluptatibus fuga iste enim. Dolor saepe est commodi.','cumque'),
('51','56','Qui non debitis enim eum. Voluptatibus assumenda modi et et optio ex rerum sit. Voluptas et fugit adipisci accusantium. Voluptates temporibus dolorem asperiores ut.','ea'),
('52','41','Non sunt quae facere doloremque voluptas accusantium. Quae ratione repellat officia quis non non voluptatum. Et similique molestiae hic tempore magnam in. Officiis asperiores laborum qui amet officia.','in'),
('53','86','Qui atque tempora est optio temporibus fuga natus. Nulla est et et cupiditate. Placeat temporibus dolorum consectetur qui.','accusamus'),
('54','44','Iure quo vel ut aut exercitationem maxime voluptas in. Deserunt suscipit veniam eos eaque nihil voluptatem id. Eos commodi commodi illum distinctio unde aliquam nihil.','in'),
('55','67','Cum ipsum vel non qui repudiandae. Illo nihil facere est consequatur rerum voluptatum magni. Odit deleniti numquam quo tempore est dolore officiis qui. Voluptates magni voluptatem aut quo ut perferendis. Adipisci amet commodi consequatur eaque cupiditate qui iure inventore.','ducimus'),
('56','35','Ut ut minima ex cupiditate odit vel. Sit cum ea repellat molestiae culpa. Ut dolores libero mollitia perferendis nobis. Necessitatibus aspernatur nostrum explicabo autem magni suscipit qui. Voluptates perspiciatis in earum consequatur voluptas est.','qui'),
('57','87','Aut exercitationem est voluptas accusamus eum rerum. Voluptatem laborum ex excepturi. Eligendi laborum facere officia qui consequatur porro.','velit'),
('58','63','Exercitationem reiciendis est occaecati nulla. Molestiae tenetur voluptatem eius et repudiandae voluptas. Rem iste fugiat quas praesentium. Delectus possimus quam dolores.','qui'),
('59','17','Et perferendis voluptas aperiam. Autem dolores quod et harum. Rerum vitae autem alias perspiciatis inventore omnis. Deserunt ipsam rerum ratione aut iure autem alias.','odio'),
('60','67','Non esse impedit deserunt praesentium. Nihil provident earum labore voluptas. Neque animi non sed nobis quae dolores. Illum blanditiis numquam perferendis dolor cumque quod ducimus.','est'),
('61','39','Soluta voluptatem aliquam nostrum. Atque sed cumque ex assumenda dolorem soluta delectus. Qui possimus maxime odio et. Dolore laborum aut esse rerum earum saepe ex.','quod'),
('62','78','Saepe recusandae quo ut. Velit vel voluptas dolorem expedita mollitia voluptate et. Quod amet beatae itaque. Aspernatur ullam earum alias quidem aut.','ipsam'),
('63','37','Reprehenderit dignissimos ullam ducimus quia. Similique illum tenetur qui soluta accusamus. Aliquam magni harum repudiandae quam.','illo'),
('64','15','Qui tempore excepturi sed esse vitae repudiandae. Labore ratione qui necessitatibus magnam voluptatem qui. Blanditiis neque enim quo sed doloremque labore possimus.','praesentium'),
('65','25','Sint molestiae explicabo voluptatem quibusdam. Veritatis amet sint voluptatem culpa non in. Dolorem repellendus maxime quam corrupti nam et reprehenderit. Iure ut inventore et praesentium consequatur quas id.','et'),
('66','57','Voluptate illo sint cum accusamus commodi. Iste nobis odio enim aut sed. Saepe voluptates est cum quia veniam sunt quos.','qui'),
('67','80','Aliquam dolorem a consectetur asperiores. Vero in omnis quia ipsum doloremque maiores.','dicta'),
('68','98','Cupiditate sit in enim. Consequatur maiores recusandae voluptatibus eius est. Consequuntur asperiores laudantium magnam blanditiis eius.','ut'),
('69','65','Aut sit et vel libero. Consequatur est in dignissimos occaecati repudiandae. Excepturi quisquam labore incidunt omnis aut.','officia'),
('70','53','Laudantium iure illum ad quam atque qui aut fugiat. Ea mollitia reprehenderit natus praesentium possimus eveniet earum aut. Dolore aut autem pariatur molestiae.','earum'),
('71','98','Unde ab sint quidem et consequatur debitis officiis. A voluptatem laudantium quis et.','dicta'),
('72','51','Omnis ipsam et qui voluptas atque rerum. Sapiente excepturi ut delectus voluptatibus est aut. Quis sit iure totam quo dignissimos. Nesciunt ab eveniet exercitationem quia dolores.','consectetur'),
('73','45','Aut quis eligendi natus molestias. Facere quaerat reiciendis perferendis atque repellat eius dicta. Totam voluptas aperiam porro sequi neque ab qui dolorum. Harum ab aut id dignissimos atque. Distinctio nemo atque hic est est sunt voluptatibus.','dicta'),
('74','88','Assumenda officia rem quae ad non quis ex autem. Omnis quisquam provident optio minus. Omnis est deleniti perferendis nam soluta. Iure eum dicta explicabo corrupti tempora at.','officiis'),
('75','5','Eum consequatur ad iure quo sequi odit. Omnis rem aperiam libero aut at quia est. A deleniti quis doloremque sapiente voluptas.','labore'),
('76','19','Et aliquid architecto tempore facere quia ut. Ut iste saepe quibusdam cum atque voluptatem. Explicabo ducimus nemo accusantium recusandae ut est quod. Alias qui et atque fugit rerum nihil.','unde'),
('77','3','Aliquam distinctio sint est. Quos officia ab harum molestiae aliquid saepe. Odit et sit soluta cupiditate.','rem'),
('78','50','Voluptas quaerat qui aut rerum. Fugiat omnis sed veniam voluptatem voluptate et dolore autem. Eos consequatur enim nesciunt ea laboriosam et cumque. Earum consectetur delectus excepturi itaque inventore ratione.','porro'),
('79','25','Voluptatem omnis sed nobis molestias sed. Voluptatem qui quidem cumque ut excepturi. Odit ut doloribus vel est et eum rem. Alias voluptate dignissimos consequatur sint ad.','dolorem'),
('80','38','Numquam est velit occaecati omnis. Enim ipsam sed ad dolor officiis nisi perferendis et. Tenetur aut doloremque animi et omnis consequatur atque. Blanditiis voluptatum officia vel excepturi.','doloremque'),
('81','44','Harum quae autem dolores alias iusto. Quidem sit optio et asperiores. Tempora ullam omnis sint veniam necessitatibus. Ullam accusamus harum qui officia eligendi.','est'),
('82','80','Aut aut eius ut. Occaecati consequatur eveniet est quibusdam praesentium. Quidem quis voluptatum sint cupiditate rerum harum. Consequuntur reprehenderit ratione aut eaque.','voluptatem'),
('83','78','Aut in cumque provident earum facere est. Facere pariatur sequi dolores placeat. Nihil aliquid fuga autem necessitatibus facere voluptatem accusamus. Fugiat omnis repudiandae porro sint sequi.','fugit'),
('84','29','Perferendis rerum enim ducimus sit cumque. Omnis tempore omnis quidem iure. In vel assumenda vero voluptate voluptatem.','ea'),
('85','23','Magni error dolorem voluptatem a vel. Minus aut eaque nulla impedit error modi. Tempore autem aut voluptas modi. Possimus ut sed quo rerum omnis voluptas.','ut'),
('86','45','Occaecati illo totam occaecati est dolorem. Veniam est et animi. Et nemo hic quis voluptas quia illo quis.','et'),
('87','64','Culpa consequuntur asperiores autem. Ullam odit molestiae eligendi perferendis earum cum. Et possimus tempora placeat nostrum et odio qui. Sapiente aut temporibus molestias.','sed'),
('88','9','Delectus occaecati blanditiis aut magni exercitationem iste magnam at. Ducimus ut ipsam fuga. Dolores quos esse voluptas omnis voluptas qui.','est'),
('89','8','Recusandae harum libero aliquam qui. Cumque asperiores quam nostrum similique et. Ut omnis sed ipsam quaerat.','consequatur'),
('90','81','Qui occaecati eos quos vel autem accusantium. Eaque alias quaerat architecto dolor ipsum dolorem. Qui non et autem qui nam. Modi placeat fuga iure temporibus praesentium enim tenetur commodi.','sint'),
('91','76','Et impedit aut incidunt quia tempora. Omnis ea facere suscipit. Dolore recusandae ipsam vel pariatur laudantium autem. Voluptas inventore ut ut accusantium.','quibusdam'),
('92','46','Nihil vel dolore inventore doloribus voluptatem. Nesciunt eum id velit debitis dolores sit est. Aspernatur repellendus voluptates praesentium. Similique dolore quod earum voluptatem officia.','aut'),
('93','59','Consequatur aut qui et ab optio mollitia laudantium aut. Voluptas esse non placeat laboriosam ex sequi magni. Dolores quia et optio et. Fugiat ipsa dolorem quibusdam rerum et qui officiis.','sunt'),
('94','13','Ab fugiat suscipit quam quis sequi modi. Voluptas inventore autem voluptas enim quia asperiores praesentium enim. Quibusdam enim eius est cumque quo id. Non laboriosam reiciendis iure quo.','minima'),
('95','60','At enim rem qui distinctio commodi. Perspiciatis aut saepe qui et aut occaecati voluptas. Molestiae qui qui quia omnis qui aut. Magnam vero quia fuga molestias aliquam asperiores.','hic'),
('96','84','Itaque modi natus aut voluptates facilis aliquam voluptates. Nihil delectus similique quos delectus. Omnis earum veritatis ut repellendus odio architecto rerum. Amet aspernatur ut tenetur.','totam'),
('97','69','Voluptatem ducimus quas ut occaecati cumque culpa. Omnis facilis fugit incidunt et consectetur. Accusamus numquam expedita ea voluptatum. Aut dolor animi alias excepturi et velit.','doloremque'),
('98','40','Dolor voluptatibus consectetur ab itaque. Fugit tenetur excepturi molestias possimus quae debitis. Aut iusto in sint deleniti.','architecto'),
('99','81','Consequatur voluptas mollitia vel ipsum vitae. Ea quaerat voluptatum ullam aperiam dolores autem. Quia aperiam nihil animi eos eligendi. Excepturi at dicta tempore nihil rerum.','voluptatum'),
('100','34','Et voluptatem neque et harum aut. Aut sapiente est et itaque non. Totam laudantium nihil dignissimos sequi ullam. Impedit aperiam vel laboriosam excepturi non sed id.','voluptatum'),
('101','13','Perspiciatis suscipit similique eius et consequatur. Magni iusto adipisci rem rerum architecto qui et aut.','atque'),
('102','30','Suscipit quis voluptatum blanditiis ut eos at perferendis. Itaque excepturi aut soluta aspernatur et sed. Qui ea et ut. Natus quaerat consectetur natus odio eius nam.','modi'),
('103','14','Necessitatibus aspernatur est dolorem sit. Et sunt reprehenderit iusto. Vero inventore aperiam ex doloribus incidunt soluta.','qui'),
('104','81','Ut recusandae dolore et odit. Quod repellat rerum quibusdam eos in necessitatibus harum unde. Molestiae labore doloremque architecto totam earum fugiat.','sed'),
('105','60','Dolorem et nihil dolore et totam ducimus. Et tenetur sunt excepturi rerum a. Aut ducimus laborum a placeat. Quia sit accusamus ad mollitia maiores tenetur.','fugit'),
('106','51','Quis ipsam illo repellat sunt in aspernatur. Ipsum suscipit unde aliquam facilis nisi aut sed nihil. Voluptatibus aut necessitatibus ipsum dolores eligendi ad corrupti. Autem non voluptatem omnis quasi.','eos'),
('107','5','Nam magnam repellendus error. Id vero aut expedita adipisci. Autem aliquid molestias consequatur est alias architecto. Est praesentium rerum odit et consequuntur.','dolores'),
('108','56','Ut magnam quod soluta nisi impedit consequatur quia. Sit unde dolor recusandae officiis voluptatem. Maiores voluptatem laboriosam sit nobis quis quod.','quibusdam'),
('109','16','Sunt voluptas aut quia voluptatem. Non aliquid fuga nisi minima odio nobis suscipit velit. Veniam dolorem cum ratione sapiente doloribus.','quaerat'),
('110','57','Sed hic repellat voluptas ipsum dolorum voluptatem aut. Sit enim reiciendis a. In beatae quasi aperiam consequatur temporibus aut.','ex'),
('111','12','Nulla officiis commodi omnis. Earum nesciunt corporis qui. Veritatis perferendis dolores modi nihil cupiditate. Rem quas nobis doloremque explicabo.','ipsa'),
('112','98','Ut laborum dolorem impedit ad vero. Perferendis eveniet fugit repudiandae libero sit quia magnam. Autem ea ut consequuntur.','repudiandae'),
('113','36','Hic sed quia est nam. Ullam praesentium veritatis quis aut occaecati. Laboriosam veniam quo maiores error eum excepturi.','enim'),
('114','93','Cumque soluta repellendus necessitatibus quod et voluptatem nostrum. Dolor voluptatem consequatur praesentium culpa non. Modi officiis et quos dignissimos delectus at. Quasi consequatur quae doloribus labore nemo sapiente ad.','earum'),
('115','100','Laborum hic molestiae aspernatur eligendi quisquam totam. Odio beatae quia natus assumenda perspiciatis nihil quia. Modi est dolores non minus autem. Qui corrupti in ipsum magni ex dicta.','veritatis'),
('116','80','Expedita autem non voluptatibus in id et reprehenderit omnis. Animi omnis vero odit odio ipsum atque. Sit quasi aut quaerat ut corrupti.','et'),
('117','8','Iure ratione tempora voluptatum aut inventore doloribus atque. Aut eius et distinctio aut consectetur perspiciatis voluptate voluptatibus. Maxime dolorem cum omnis. Placeat laboriosam occaecati quae enim alias. Aliquam sed aut est corrupti incidunt dolorem adipisci.','quod'),
('118','28','Eaque aspernatur explicabo fugit. Quibusdam autem sit laboriosam sunt quia voluptatum nemo voluptas. Aut est consequuntur est. Quidem optio dolorem ducimus velit autem aliquam quis.','illum'),
('119','26','Hic dolorem distinctio explicabo sed consequatur doloremque rerum. Illo itaque fugit dolorem amet totam. Error voluptatum eaque quia quo.','dignissimos'),
('120','85','Qui excepturi in voluptatem non rerum. Et odio hic at sit mollitia optio adipisci. Libero facere iusto itaque deserunt voluptatem alias. Omnis optio qui repellat culpa iure delectus. In rerum qui quia in.','deserunt'),
('121','97','Sed neque pariatur sunt ex tempora tempore vel similique. Fuga repellat ad in debitis eius quae. Totam sit corporis sunt porro. Animi aliquam deleniti laudantium voluptatum esse repellat.','et'),
('122','13','Mollitia accusamus nisi et. Praesentium quis quasi repellendus ut. Reiciendis possimus eligendi quae impedit. Blanditiis ullam tempora illum.','veritatis'),
('123','54','Sed et asperiores voluptatem eos voluptate dolore tempore explicabo. Odio eveniet est soluta et deleniti in. Repellat saepe sunt numquam.','consequatur'),
('124','55','Commodi corporis aut architecto nam autem est. Et soluta atque quia ullam consequatur dicta. Quis ut quas veniam exercitationem voluptas corporis.','dolorem'),
('125','83','Ad eligendi veritatis dicta voluptatem debitis nulla. Sint consectetur id ea ullam atque molestias. Non hic non dolorem sint eos atque voluptates.','incidunt'),
('126','78','Odio reprehenderit in assumenda eius dignissimos. Magni quod est blanditiis aperiam et numquam ut. Non veniam voluptatibus earum et tempora vero qui. Labore sed magni dignissimos ipsa optio temporibus pariatur.','aut'),
('127','63','Quidem placeat blanditiis quisquam et. Repudiandae itaque quos et rem. Fuga nesciunt eos nobis inventore dolorem ea alias. Est iure pariatur vero assumenda adipisci inventore sit.','expedita'),
('128','67','Qui fugiat architecto incidunt libero. Maiores numquam quia aperiam ex aliquam. Et laborum iste nobis at laborum aut eaque.','aut'),
('129','41','Dolores eos cumque excepturi deleniti repudiandae molestiae eveniet. Fugiat quia facere qui nobis quis. Officia et reprehenderit incidunt consequatur ea. Iusto inventore ipsam eum cupiditate.','alias'),
('130','50','Et et quam fuga quisquam et impedit et et. Debitis mollitia explicabo non et itaque sint maxime eveniet. Et quam voluptas est dignissimos odit cumque.','dolorem'),
('131','79','Omnis provident officiis incidunt voluptatem laudantium. Ipsa nihil velit laborum amet et culpa. Adipisci sint earum temporibus et quisquam. Molestiae maxime facilis a velit nulla neque.','enim'),
('132','54','Optio aliquam autem voluptatem ab est deserunt dolore aperiam. Dolor aliquam iusto laborum commodi quas. Ut et aut sint et. Eveniet natus nemo quidem temporibus sequi.','et'),
('133','79','Sunt quaerat soluta itaque voluptatem. Ut consequatur corporis et. Omnis cumque rerum molestiae delectus. Autem optio veritatis velit atque sequi qui.','ullam'),
('134','93','Eveniet quidem magni aut vitae. Eum incidunt accusantium at excepturi provident sed atque. Asperiores placeat aut et cum enim.','laborum'),
('135','35','Hic harum est necessitatibus eius ipsa dolorem. Fugiat cupiditate rerum a odio nam provident beatae.','earum'),
('136','39','Velit aut eveniet deserunt vel voluptates. Error sed qui nihil voluptatum vero nihil nisi. Et rerum modi voluptatibus rem aliquid tempore illo. Quia recusandae eaque voluptates laudantium sint.','non'),
('137','43','Et ad iusto qui quae odit. Voluptatibus natus ea qui atque facilis expedita corrupti. In illum aut eligendi amet. Qui rerum delectus voluptatem aspernatur vel doloribus. Voluptatem perspiciatis modi qui impedit iusto.','voluptatum'),
('138','39','Nesciunt omnis facilis et ea perferendis. Aut ut et inventore et et dolorum dolore. Vero ullam ratione autem provident cumque. Voluptatem ea perferendis earum voluptatem facere nemo quia.','fugit'),
('139','94','Quos voluptas sunt atque saepe non. Tempora unde ex omnis illum et. Sit aliquam cumque ex repudiandae nulla dolor ipsa porro. Unde ut cum aliquid et sunt omnis ea ipsa.','iusto'),
('140','59','Recusandae reiciendis reprehenderit esse quia ex. Ratione similique vitae et ut. Quia est enim voluptate deleniti aliquid hic odit similique. Quasi nihil quae praesentium est.','est'),
('141','95','Sint illo ipsa et dolorem. Cupiditate sint libero harum laboriosam voluptate voluptatem. Quia veritatis quos dolorem eos a cum aut.','similique'),
('142','5','Necessitatibus ut voluptate fugit aut ab et. Expedita officia laboriosam molestiae culpa et est et. Expedita libero autem et est assumenda omnis.','nihil'),
('143','56','Facere aut sint suscipit nemo sunt. Enim debitis corporis natus rem ut voluptatum et itaque. Perferendis tempore soluta laudantium molestiae similique magnam. A ut laborum magnam officiis.','ab'),
('144','30','Culpa commodi quas perferendis velit voluptatem quam accusamus. Illo quidem qui aut error.','ratione'),
('145','98','Commodi dolor quo ducimus sed dolores corrupti molestias. Magnam maiores tenetur recusandae aut. Accusamus modi qui voluptatem voluptate quisquam. Dolores aliquid necessitatibus autem laborum sit.','odit'),
('146','56','Molestiae autem dolores molestiae at exercitationem voluptas. Tempore itaque consequatur porro qui sapiente consectetur.','quod'),
('147','10','Non omnis omnis quasi sint aut ea rem. Doloribus quasi nemo enim id maiores provident. Sint sit laborum quae impedit nihil. Temporibus hic deserunt est natus ut.','perferendis'),
('148','6','Dolorum consequatur voluptatum ratione qui voluptatem ut. Quibusdam dolor tempora molestiae consequatur corrupti molestiae.','dicta'),
('149','84','Repellat et corporis quisquam sit quasi. Qui laudantium aut rem ut. Et ab rerum occaecati consectetur id commodi.','quos'),
('150','35','Ea sapiente ex est consequatur ut dolore. Earum quia quia a voluptatibus. Deleniti cupiditate necessitatibus totam. Asperiores distinctio quia sapiente eligendi minima sed cumque.','amet'),
('151','90','Aperiam animi dolorem omnis facere. Ex enim aliquam quia sint ducimus voluptatem dolor. Est iusto dolore delectus et possimus nihil. Possimus deserunt corrupti ratione dolor repudiandae laboriosam aperiam. Dolorum optio omnis neque in nemo natus facere.','sapiente'),
('152','81','Et sed sequi ducimus qui porro quidem. Saepe atque rem esse illo consequuntur tempora. Pariatur doloribus provident sed officiis nihil molestiae repellendus.','officia'),
('153','47','Deserunt aspernatur adipisci assumenda sed. Aut quia illum earum praesentium. Voluptate doloremque et minima omnis dolores explicabo vitae. Est voluptatum aut consectetur totam sint ut recusandae qui.','molestiae'),
('154','44','Est et rem qui vitae id. Dolorem nesciunt eveniet repellendus odio aut. Repudiandae incidunt tenetur dolor corrupti ad.','et'),
('155','35','Iste maxime in est dicta repudiandae id id ea. Dolor cumque magnam dolores et et qui. Ex odit doloribus et praesentium.','fuga'),
('156','30','Quo eum aliquam ullam. Non voluptas ut maiores. Saepe excepturi quisquam possimus sint ad consequatur inventore corrupti. Autem et voluptates neque deleniti.','natus'),
('157','22','Eligendi ut iure autem est reprehenderit cum. Maiores eos minima tempore modi molestiae beatae. Maxime autem quis ad vitae.','deleniti'),
('158','98','Et corrupti dolor voluptas ipsam aut et laborum. Reprehenderit alias et necessitatibus et et. Dolores rerum veniam earum voluptatem.','et'),
('159','97','Facere laboriosam et unde sit et fuga. Sit illum qui voluptatem voluptates excepturi omnis.','et'),
('160','63','Et sed tempore deleniti quas qui ea error explicabo. Eius qui similique suscipit est dolorem excepturi dolores. Nulla tempore consequatur consequatur ut pariatur qui sed velit.','aliquam'),
('161','47','Aut esse officiis vero quisquam. Est ad illo incidunt eum magni. Beatae sint vitae vitae perspiciatis voluptate reiciendis provident. Aut vitae et odio. Magnam et voluptas dolores quia porro ratione quae.','repudiandae'),
('162','76','Quis consequuntur laboriosam et id blanditiis ut. Deleniti aut enim quia earum ea. Corrupti eaque est esse sed aspernatur. Et enim molestiae quod qui enim reprehenderit.','ducimus'),
('163','16','Sunt qui qui doloremque non. Sunt unde id aut nihil minus sit. Autem aut debitis adipisci doloremque qui.','dolorem'),
('164','26','Delectus culpa deleniti atque doloremque eveniet ea. Aspernatur explicabo rem eius voluptatem.','et'),
('165','68','Quis earum cum in consectetur enim sed. Quisquam consequatur aut totam. Quidem quas consectetur perspiciatis sunt sit vitae officiis. Qui earum ratione et eos.','vitae'),
('166','50','Qui sed blanditiis ut et ea. Fugiat magnam aut laboriosam et dignissimos nam sequi. Quia consequatur amet eum velit unde.','qui'),
('167','64','Reiciendis enim omnis et assumenda nihil velit enim. Occaecati non sed voluptas similique in. Quo accusantium quisquam animi et odit.','repellat'),
('168','11','Est exercitationem autem saepe ea. At quisquam nisi dolor sequi. Recusandae quis animi cumque quisquam et officiis.','rerum'),
('169','89','Modi doloremque nam aliquid sint perspiciatis quod ut eaque. Quidem occaecati recusandae veritatis maiores repudiandae minima qui. Distinctio a aperiam libero ratione qui aut. Nulla ut velit pariatur iste. Nemo perspiciatis mollitia tempore aut sequi dolorem.','praesentium'),
('170','57','Eveniet cupiditate voluptatem saepe voluptatibus quam earum sed est. Similique voluptatem eius tenetur officia similique in aspernatur et. Velit itaque asperiores sint ipsa dolore nesciunt qui.','enim'),
('171','69','Porro at ut reprehenderit architecto. Praesentium dolorem natus reiciendis autem. Ipsam animi asperiores commodi animi quisquam. Consequuntur consequatur unde minus consequuntur sit assumenda et ipsam.','ipsam'),
('172','83','Quia necessitatibus eaque nulla quae. Reiciendis molestiae veritatis nobis asperiores. Corporis et est veritatis hic ratione accusantium et. Ipsum quia modi consequatur laborum quia sint.','ad'),
('173','62','Autem neque similique voluptatum sint recusandae porro. Ut fugit et alias vel id eos magnam. Est sequi repudiandae excepturi quas est nam eligendi est. Minima sequi eaque nemo natus. Laudantium pariatur laboriosam recusandae eum.','eum'),
('174','25','Ea vero exercitationem ipsam sapiente. Quia aliquid ipsa architecto praesentium qui accusamus sed. Harum sapiente vero sit voluptatem quae nostrum rerum.','eligendi'),
('175','13','Sapiente dolorem voluptatum ut corrupti sunt. Laboriosam officiis non vel ipsum. Est ratione quia voluptatem.','ducimus'),
('176','60','Qui autem laudantium corporis corrupti. Provident officia corporis iste qui qui soluta. Libero animi porro non velit qui reprehenderit dolorum.','quia'),
('177','81','Vero aut ea deserunt adipisci debitis dolores odio aut. Est molestias reprehenderit sequi quis maxime autem. Ea consequuntur aut nam iusto.','quo'),
('178','22','Ut quae saepe est iusto ea quisquam. Hic non blanditiis dolor in repellat possimus. Expedita eos voluptas in iste veniam delectus dolorum.','qui'),
('179','65','Ex maiores fugiat eius molestiae aut laudantium. Rerum qui cumque quia. Vitae consequatur sint rerum incidunt doloremque soluta et.','nobis'),
('180','64','Voluptatum dolores non amet harum quam ut. Quam praesentium quasi cumque beatae eum earum laborum. Provident et voluptatem reiciendis. Aut ea non laudantium harum expedita nostrum eligendi. Sapiente blanditiis numquam quidem et veritatis error.','dolor'),
('181','57','Assumenda soluta non quisquam aliquid. Debitis esse omnis quisquam ab doloremque aut. Voluptas iusto officiis accusantium.','soluta'),
('182','55','Aspernatur consectetur est cum id velit neque. Animi quaerat illo sunt velit quis mollitia voluptate. Consequatur cumque illo autem quae quia modi.','nemo'),
('183','44','Sequi amet fugit et ipsam consequatur repellat id. Assumenda aut perferendis voluptatum dolores quia et. Tenetur excepturi eos fugit enim facilis odio eaque.','vitae'),
('184','4','Praesentium numquam et id laudantium. Eius dolor qui velit delectus est ipsam. Voluptas nisi quo numquam sunt voluptate.','voluptatem'),
('185','99','Eos et sed et qui perspiciatis animi consectetur quis. Ullam minima aperiam eum commodi.','pariatur'),
('186','79','Ducimus atque aperiam ipsum consequatur est. Aut quos harum eos officia sed. Sit est dolorem fugiat consequuntur.','est'),
('187','34','Ut similique laborum eaque blanditiis quisquam qui. Nihil nihil expedita ut repellat impedit quia rerum. Perspiciatis dolore ullam quis ipsam.','id'),
('188','20','Sed earum reprehenderit iste ea sed. Sit quo quia earum amet est. Dolorem consequatur laboriosam quo.','quaerat'),
('189','77','Corrupti laboriosam vel est et. Quas facere optio ut nisi. Ut dicta delectus aut sed non eius. Omnis tenetur officia cupiditate at animi sed natus.','enim'),
('190','30','Facilis maxime error numquam explicabo tempore voluptatem. Eos minus sequi dolor commodi et dolore. Laborum quos accusamus omnis velit debitis ut. Ea enim saepe vitae exercitationem harum voluptatem.','odio'),
('191','83','Odio est eaque ad sed corrupti animi. Sunt culpa tempora ut mollitia et aspernatur. Fuga ducimus fuga non voluptas quod ab ratione.','et'),
('192','24','Ipsum qui qui enim nam id qui. Quidem sint cum tempora soluta. Aut odit dolores ipsam dolor ea. Doloremque eos explicabo nesciunt et. Provident doloribus placeat libero tempora nulla voluptate.','dolor'),
('193','6','Sint dicta omnis aliquid officia. Tempora beatae explicabo quas voluptate. Praesentium sunt sapiente accusamus blanditiis dolorem minus. Sit facilis sit ratione ipsam aut.','reprehenderit'),
('194','98','Molestiae nihil enim in assumenda odio enim ad doloremque. Quia vero quidem natus a et temporibus consequatur enim. Mollitia et voluptas alias inventore itaque beatae. Ipsum ut et dolorem doloremque animi cum omnis veritatis. Accusamus aut officia animi minima rem voluptas.','et'),
('195','49','Praesentium repellendus qui assumenda necessitatibus quidem. Consequatur nihil impedit nam possimus. Quia ea quia non error.','quod'),
('196','73','Aut est voluptatem odio quae quibusdam quo magni. Eveniet aspernatur omnis et est et ad aut. Maiores ea incidunt aut assumenda excepturi. Repellendus perspiciatis labore libero et est itaque iusto.','nisi'),
('197','48','Voluptatem est nemo soluta et in. Inventore placeat in vero. Illo asperiores esse consequatur a placeat. Quidem quae et est est ea beatae amet odio.','assumenda'),
('198','12','Temporibus autem natus et ipsa. Minus excepturi velit et magnam eligendi doloremque et. Modi modi aut quibusdam aliquam praesentium velit similique quasi.','quia'),
('199','84','Id et qui cumque in et. Fuga accusamus sunt voluptas fugit voluptatem aut sit et. Qui est doloremque sunt et.','totam'),
('200','36','Enim non porro vitae distinctio vel qui. Amet occaecati modi velit optio a. Quas accusamus eius in repudiandae quae maxime atque. Iusto est aut quod cupiditate omnis.','voluptatem'); 


INSERT INTO `posts` VALUES ('1','6','Blanditiis quis dolores aut occaecati. Occaecati aut molestiae cumque ut laborum esse. Ipsum voluptatem deleniti soluta ex architecto.',NULL,'1995-07-28 17:36:39','2012-02-14 08:18:52'),
('2','96','Sed suscipit natus dicta vel reprehenderit non quia. Hic distinctio nostrum ipsum. Possimus deserunt rem voluptatem repellat. Iure nemo perferendis sit minus sit ad. Enim consequuntur facilis consectetur quia voluptas amet cupiditate.',NULL,'1997-04-16 17:29:17','2009-08-11 13:19:00'),
('3','24','Voluptate perferendis adipisci sed harum repellat impedit. Modi quia quia vel eos vel placeat est ducimus. Itaque sapiente magni sed odio est qui deserunt. Officia omnis velit non odio tempora sapiente omnis.',NULL,'1999-12-01 17:51:48','2008-04-30 05:45:42'),
('4','19','Eaque culpa praesentium et et enim nihil. Delectus minima suscipit consequuntur similique sit assumenda recusandae. Magnam itaque ex officiis ad. Sed molestiae et sed aut et fugit sapiente.',NULL,'2020-06-19 19:50:35','1970-01-01 19:18:26'),
('5','65','Consectetur deserunt ducimus est ut provident. Ipsam consequuntur voluptatibus animi nostrum repudiandae voluptatem. Quo eligendi aut blanditiis id hic. Non omnis ipsum impedit animi qui.',NULL,'1972-11-03 16:13:37','1996-10-29 02:45:36'),
('6','21','Ut quidem amet nostrum voluptatibus nam. Quo nemo dolor nostrum inventore ut. Est fugiat qui nihil aut. Natus voluptatem omnis aut fugiat harum.',NULL,'1996-06-26 18:45:10','1998-06-01 17:21:28'),
('7','18','Dolore inventore vitae facilis. Et illo ea sint maiores aut voluptatem.',NULL,'1979-04-10 04:47:03','1996-12-05 14:30:40'),
('8','46','Aliquid dicta sit reprehenderit est ut aliquam. Molestiae eaque nihil quos reprehenderit ipsum beatae iste soluta. Reiciendis sit voluptate reiciendis hic vel.',NULL,'2009-02-27 20:55:37','1986-10-08 01:00:34'),
('9','4','Rerum qui at repudiandae occaecati. Nostrum fuga qui ipsum quia est quod. Pariatur nisi dolorem quia architecto.',NULL,'1994-08-07 16:03:47','2012-04-29 06:31:29'),
('10','40','Recusandae officia eos consequatur voluptatem amet. Est et temporibus sit dolores. Unde dolores blanditiis non itaque cupiditate atque.',NULL,'1977-02-20 02:17:39','1981-01-14 18:33:39'),
('11','46','Est cum quas et est culpa provident. At ex ipsa voluptatum. Sapiente facere sunt soluta et architecto. Ipsa accusantium et recusandae repudiandae voluptatibus. Harum molestias molestiae deserunt laboriosam hic.',NULL,'1977-08-27 17:58:22','1973-07-31 12:01:32'),
('12','64','Quo qui tempore distinctio odit totam. Natus qui aperiam labore quibusdam excepturi quos. Et reiciendis aut iste quia in. Sed est ut delectus consequatur maiores.',NULL,'2014-10-07 15:35:46','1996-12-17 23:58:23'),
('13','83','Possimus dolor sapiente incidunt totam. Quae quidem delectus vitae illo est dicta. Fugiat recusandae pariatur ipsa ad.',NULL,'2010-07-19 16:29:50','1975-10-16 09:56:01'),
('14','87','Animi suscipit vel et ut. Debitis aliquam sint inventore tenetur eum. Necessitatibus debitis accusamus autem dolore rerum voluptatem. Iste ullam quis reiciendis iure sunt modi.',NULL,'1999-10-09 21:24:29','1983-08-03 07:22:30'),
('15','71','Voluptas perferendis molestias aut hic. Minima voluptates tempore possimus inventore impedit. Omnis quod et repudiandae rem mollitia totam. Ut officia nisi eos.',NULL,'1981-06-05 09:31:44','1979-11-07 03:13:22'),
('16','25','Omnis qui eveniet sed excepturi. Nam rerum omnis quibusdam sequi maxime ut. Deleniti modi provident sint est mollitia nemo reprehenderit architecto.',NULL,'2013-09-08 05:41:26','1984-01-06 19:43:49'),
('17','84','Debitis quas aliquid voluptas iure minus dignissimos dolorum. Porro ea occaecati pariatur omnis quis. Provident ipsam dicta porro sed commodi. Dicta numquam consequatur laboriosam exercitationem.',NULL,'2016-08-04 17:31:51','1989-05-15 05:33:02'),
('18','19','Exercitationem sit qui impedit. Ipsum ab deserunt dolore quisquam incidunt quia unde. Ut dolor repellendus voluptas ea ut quidem enim praesentium. Optio quas quia est quia iure.',NULL,'1970-09-22 06:45:26','2009-11-30 17:13:59'),
('19','47','Aliquid molestias earum eveniet quod adipisci impedit in eos. Placeat voluptas quod dignissimos error. Ea autem voluptatem enim maxime reiciendis. Rem officia quia alias quidem voluptatem sit.',NULL,'1984-06-30 03:13:16','1990-10-22 19:38:57'),
('20','96','Est quis dolor temporibus odit atque reprehenderit vel. Enim quae odio reiciendis et id. Qui dolores ex quod est et voluptas labore.',NULL,'2010-02-06 14:44:43','2017-12-25 14:55:31'),
('21','58','Voluptatum quia repudiandae quas et incidunt veniam. Molestiae iure accusantium doloribus voluptate deleniti. Et repellendus aut quos blanditiis.',NULL,'1979-03-25 03:48:13','2000-10-27 15:02:11'),
('22','63','Voluptate est aut cupiditate at quam qui commodi. Provident itaque odit alias id aut saepe accusantium quo. Optio ratione quia omnis perferendis similique et vel minima. Nobis placeat pariatur accusantium possimus.',NULL,'1992-11-17 01:08:48','1971-10-19 01:58:00'),
('23','49','Consequatur exercitationem enim iusto pariatur unde porro provident ratione. Reprehenderit id sint rerum iste voluptatem occaecati quaerat. Tenetur et ut suscipit quo quis dicta. Tenetur atque optio delectus maiores repellendus qui.',NULL,'1993-08-21 08:31:23','1994-11-28 03:38:01'),
('24','40','Doloremque doloribus quia consequatur explicabo qui. Quia quia laudantium ad sed aut consequatur veniam. Officia dolorum sunt voluptate maxime eveniet sed repellat.',NULL,'1994-01-27 06:11:11','1992-03-12 08:20:30'),
('25','99','Et rerum quod in. Quia et ducimus amet dolores. Amet vero nemo eveniet iste vero minima molestias. Qui et eum aut deserunt.',NULL,'2003-08-09 19:42:28','1984-05-14 13:46:35'),
('26','11','Est distinctio aut autem. Repellendus maxime iste impedit quia. Dolor est velit expedita quia ipsum maiores. Veniam veritatis aut consequatur iste magnam.',NULL,'2004-09-15 00:16:29','1981-07-06 15:00:23'),
('27','100','Est quidem voluptas vero reiciendis perferendis. Vel distinctio culpa eaque temporibus a nulla. Cum molestias hic hic soluta saepe molestiae.',NULL,'2020-09-13 06:29:18','1985-07-10 11:45:24'),
('28','40','Tempore sapiente alias sint corrupti repellat. Est dolores provident unde. In similique quam quisquam. Suscipit id natus qui voluptatem alias velit.',NULL,'1975-01-24 04:34:54','2016-03-12 02:36:23'),
('29','55','Dolor sint sed quaerat est sit quidem. Nihil voluptatem voluptatum molestias. Est non quas possimus quaerat quia. Quia hic nam ipsam corporis. Ea recusandae repellat et facilis nam aut qui.',NULL,'2007-12-06 09:28:02','2016-08-04 23:22:27'),
('30','29','Asperiores aliquid non repellendus delectus aliquam. Beatae corporis minus corporis corporis et et exercitationem. Laborum et libero incidunt enim.',NULL,'1974-02-08 14:12:48','1970-12-27 16:53:15'),
('31','82','Atque consequatur molestiae reprehenderit tenetur aut beatae. Eaque quos dolorem id tenetur velit quis quis veritatis. Magnam illo dolor mollitia porro rerum iste quia. Eius et consectetur ducimus dolor laudantium.',NULL,'1974-04-02 16:38:50','2015-07-18 13:15:49'),
('32','60','Esse sunt delectus eum molestias. Modi libero dolor voluptas nihil at quis. Aspernatur ea rerum corporis deserunt quisquam. Laboriosam est quia rerum.',NULL,'1986-08-29 16:51:07','1997-07-02 08:27:19'),
('33','24','Id dignissimos aut animi quae doloribus sunt. Ipsa voluptatem est voluptas. Quo repudiandae illo consectetur hic placeat labore est.',NULL,'1979-10-07 13:01:46','1977-10-08 12:31:58'),
('34','6','Ut qui doloribus expedita. Laboriosam optio voluptas esse fuga dolorem.',NULL,'2003-01-18 14:21:31','1981-11-27 12:50:05'),
('35','79','Et maiores suscipit amet velit dolor ex labore asperiores. Occaecati iusto consequatur aperiam harum. Iste et et ipsum aut modi ut.',NULL,'1977-01-22 01:37:39','1994-02-14 09:11:59'),
('36','88','Molestiae architecto ipsa ipsam est. Ut explicabo enim optio at optio. Asperiores est commodi laudantium accusamus ratione harum.',NULL,'1987-10-15 02:12:19','1993-12-08 00:43:01'),
('37','26','Vero impedit qui eum itaque incidunt laboriosam debitis. Fuga labore autem impedit aut. Sed tempora fuga est voluptatem saepe alias. Laudantium temporibus eveniet necessitatibus officiis iste tempore enim.',NULL,'1980-12-11 23:02:43','2018-04-18 09:46:03'),
('38','96','Pariatur voluptatem accusamus vel. In dolor cumque repudiandae. Quis fugiat asperiores totam vel molestiae aliquid. Eius in est eum consequatur unde nam architecto.',NULL,'1992-06-14 20:50:06','1987-12-18 03:59:03'),
('39','34','Asperiores culpa et qui corporis. Recusandae voluptas dolor recusandae soluta magnam aut consequuntur. Ea labore cupiditate placeat mollitia.',NULL,'1980-06-23 01:55:01','2012-10-11 16:24:43'),
('40','30','Esse deserunt illo qui deleniti sed voluptatem neque et. Amet ut est sed et sit molestiae quia eaque. Expedita iure voluptate est ea voluptatem ullam.',NULL,'1985-01-20 03:42:09','2006-10-12 03:11:30'),
('41','36','Excepturi voluptas qui earum ut nemo dolore. Ducimus aut recusandae consequatur provident nulla sint magni. Quibusdam est velit et id debitis et.',NULL,'1973-04-22 19:36:47','1971-11-21 15:17:46'),
('42','80','Assumenda est eum assumenda qui voluptas. Dolores est voluptas sunt quasi quisquam dolorem. Impedit fugiat illo inventore et labore.',NULL,'2014-09-19 21:30:01','1970-01-17 15:54:12'),
('43','94','A impedit perspiciatis sunt facere. Dolorem ut sed veritatis perferendis molestiae sed. Maiores et et non voluptatem doloribus aut repellendus. Dolores maxime maiores quos ipsa. Quia et qui itaque esse totam laborum.',NULL,'1977-11-24 22:06:10','1971-10-10 00:24:22'),
('44','18','Sed veritatis corrupti quia delectus dicta rerum. Nemo qui accusamus ratione modi.',NULL,'1996-03-20 10:11:05','2010-10-15 22:40:16'),
('45','66','Doloribus non rerum placeat non qui laborum est et. Enim necessitatibus consectetur vitae esse facilis nam. Vel sit sint dolor sapiente eveniet maiores repudiandae. Necessitatibus pariatur expedita et ut perspiciatis rerum perspiciatis. Ipsa deserunt sed sequi quas quo impedit.',NULL,'1980-01-28 19:57:31','2020-03-21 14:32:20'),
('46','64','Et aliquid occaecati dignissimos voluptatibus facere. A voluptatum dignissimos rem expedita optio. Sed eaque molestias soluta autem similique dolor.',NULL,'1972-10-31 16:00:20','1972-02-12 08:41:07'),
('47','43','Harum sit expedita fugit similique non. Ut non voluptatem qui quo officia et. Et rerum et labore at et est.',NULL,'2015-07-07 02:02:59','1979-02-08 03:20:13'),
('48','50','Illum possimus aut fuga quasi doloribus id sit. Ea similique reprehenderit id. Alias illum nostrum deleniti sint. Laboriosam odit suscipit laboriosam id rerum voluptates voluptatem.',NULL,'1977-03-25 10:13:27','1977-10-22 00:28:16'),
('49','82','Voluptatem vero atque saepe minima dolorem rerum. Nesciunt voluptatem nemo amet possimus aut. Aut nihil adipisci quia aspernatur.',NULL,'2019-10-26 22:28:20','1984-11-12 23:42:05'),
('50','89','Sint voluptatem et aut debitis sed dolores nostrum. Consequatur inventore porro itaque quia. Consequatur vel omnis mollitia aperiam quisquam odit.',NULL,'2003-01-25 22:14:31','1979-06-09 09:22:10'),
('51','46','Dolores incidunt eum ducimus quia maxime voluptatem. Ipsa consectetur ut veniam porro odit nihil.',NULL,'1992-04-18 16:59:33','1984-11-27 13:10:07'),
('52','40','Repudiandae veniam ut occaecati nihil. Non ut est distinctio sed. Ut sed repudiandae sint sint.',NULL,'1976-06-30 03:16:03','2013-02-26 11:08:23'),
('53','52','Soluta provident incidunt impedit velit ea repellendus. Accusamus temporibus animi ipsa. Voluptas quia sunt sit distinctio totam non exercitationem dignissimos. Quos dolor aut et deleniti.',NULL,'1978-09-06 23:43:12','2018-11-30 13:09:13'),
('54','95','Odio delectus sit perspiciatis quo iste occaecati eius. Sint quisquam corporis harum odit est voluptatem aspernatur. Hic atque voluptatibus dicta sit fuga laboriosam ab autem. Adipisci et nobis unde quidem sed ipsum.',NULL,'1982-04-01 05:24:15','1987-10-12 15:37:33'),
('55','80','Et enim nihil aliquid consectetur corporis sint accusantium. Laudantium corrupti laborum vel vitae repudiandae est voluptatem dicta. Doloribus quibusdam sit et et neque. Suscipit quidem tenetur blanditiis quo voluptatem suscipit et.',NULL,'2013-11-13 01:13:18','1986-04-09 11:11:45'),
('56','51','Sed molestiae magnam similique nostrum. Voluptates aut nisi doloremque et omnis dolorem. Voluptatibus repellendus nemo aut magnam. Ad quae laudantium minus molestiae ut ad. Unde saepe qui a qui ipsa est qui nihil.',NULL,'2012-10-21 11:48:18','2000-12-10 18:59:33'),
('57','6','Sequi sed doloribus quas blanditiis cupiditate est natus eum. Quia totam et quibusdam est deleniti. Tempore molestiae maiores porro nesciunt. Eligendi et occaecati illum quibusdam optio recusandae adipisci.',NULL,'1984-06-14 16:39:15','2007-09-20 15:52:15'),
('58','79','Dolores necessitatibus voluptates quasi rerum tempore. Placeat est omnis hic. Nulla iure molestiae omnis unde rerum minus tempore eum.',NULL,'2016-02-17 17:16:07','2014-06-17 01:25:49'),
('59','90','Debitis aut voluptatem ut aut animi rerum a mollitia. Maiores rerum id vero similique fugiat perferendis dicta reiciendis. Sit accusantium molestias esse nisi. Et qui alias vitae voluptatem velit harum consequatur.',NULL,'1972-12-18 17:36:35','1988-03-03 02:47:28'),
('60','60','Dolore beatae tempore qui at. Perferendis commodi distinctio temporibus aperiam non iste. Culpa reprehenderit nulla sapiente.',NULL,'1997-06-06 04:19:16','2012-09-08 04:53:11'),
('61','7','Voluptate voluptas ut et consequatur reprehenderit et veniam. Ipsam minima minima error aliquam fugit aut provident. Laborum animi repellendus eum voluptatem et eveniet.',NULL,'2006-04-25 12:38:57','1972-08-22 02:40:56'),
('62','72','Minus placeat illum tenetur sed voluptate ipsa maxime. Eum a et accusantium enim suscipit perspiciatis. Amet quae quis quia cupiditate cumque.',NULL,'1973-03-25 22:23:34','2005-04-23 18:51:24'),
('63','20','Placeat corporis dolore eos saepe laudantium facere consequatur. Mollitia ut et molestiae enim aliquid minima tempora. Nostrum quas ipsam ullam quasi facere placeat veniam.',NULL,'1999-03-08 03:36:34','1995-11-25 12:13:54'),
('64','31','Voluptate earum dolorem possimus et dolor placeat rem. Illo pariatur autem voluptate omnis odit qui repellat. Vel dolor atque aut et illo.',NULL,'1995-01-18 23:16:59','1976-04-27 00:49:27'),
('65','77','Nulla accusantium commodi dolorem enim. Veritatis voluptatem ut laboriosam deleniti commodi. Nihil vitae ratione quis fuga enim iste.',NULL,'2013-10-31 13:38:27','2020-08-26 05:40:02'),
('66','99','Ut quibusdam ullam aut voluptatem modi dolor est. Fugit dolor sequi delectus eaque dignissimos nisi. Tenetur fugiat aut voluptatibus doloremque molestiae autem dolor laborum. Reprehenderit facilis et totam laudantium.',NULL,'1992-08-10 03:31:27','2008-01-24 19:09:38'),
('67','18','Quia voluptas saepe consequatur dolor repellendus. Sit dolorem vitae facilis nam.',NULL,'2016-10-14 09:19:01','1990-10-01 15:00:19'),
('68','3','Et distinctio iure expedita rerum. Aspernatur et quis suscipit quas. Ratione ipsum cum blanditiis quia sint qui accusantium.',NULL,'2010-10-07 07:28:21','1984-02-02 05:42:46'),
('69','95','Delectus ipsa eum architecto rerum alias vel voluptatum corporis. Consequatur blanditiis sit debitis nihil aut cupiditate ipsum quia. Earum necessitatibus natus alias. Eos ducimus omnis ipsa impedit natus ut.',NULL,'2018-03-18 12:55:42','1989-02-27 20:23:46'),
('70','52','Ratione aut quia voluptatum a dolores. Aut voluptatem est libero omnis. Laudantium reprehenderit quasi repudiandae facilis.',NULL,'2003-02-13 00:55:01','2018-05-15 20:43:59'),
('71','32','Optio repellat assumenda nisi nisi perspiciatis. Voluptate et libero minima ut suscipit. Dignissimos sit veniam esse labore qui fugiat adipisci. Totam delectus vel qui in ut. Mollitia ea et id dolorum similique.',NULL,'1983-03-03 21:15:30','2001-04-27 20:23:52'),
('72','30','Cum fugit aut autem ratione quia in ut. Maxime ab debitis quo quia accusamus amet quis dolorum. Voluptates magni consequuntur nihil ex.',NULL,'1984-03-22 06:46:44','1991-09-01 13:21:14'),
('73','31','Unde accusantium soluta iure debitis aut. Odit voluptatem perferendis dolor aliquid itaque officiis qui. Qui libero adipisci vel et.',NULL,'1987-05-15 16:54:32','2016-11-14 02:43:43'),
('74','25','Qui eius quia sed quibusdam est vero quia. Adipisci officiis nemo qui architecto est consequatur ut ipsam. Qui et rerum in incidunt accusantium.',NULL,'2008-02-29 14:53:50','2009-09-12 22:21:53'),
('75','48','Ut odit nostrum explicabo at assumenda sit. Itaque enim architecto quia nihil eaque excepturi numquam officiis. Explicabo quibusdam rerum aut dolorem quas et. Doloremque modi quae non voluptate.',NULL,'1999-05-23 07:41:09','1994-05-10 10:06:50'),
('76','97','Libero veniam nulla omnis sequi. Eius aut quia non porro. Tempora molestiae vitae sint nobis minus. Quasi temporibus earum fugiat veritatis nobis quam.',NULL,'1999-06-24 10:14:21','2014-05-12 11:02:52'),
('77','89','Excepturi quaerat impedit impedit possimus omnis at. Quis et voluptatem dolores repellendus eaque accusantium eos. Quis occaecati praesentium reiciendis odit.',NULL,'1971-07-14 06:42:17','1999-06-10 11:47:45'),
('78','91','Voluptas quisquam ut et blanditiis sed deserunt ut. Illum aspernatur delectus quae porro. Eos aut iste qui porro. Veritatis enim voluptates esse natus dignissimos.',NULL,'2003-09-16 09:50:16','1991-11-12 10:31:21'),
('79','47','Eos perspiciatis perferendis exercitationem dolore et consectetur officiis. Earum non fuga dolores omnis rem omnis voluptatem. Amet quia sed sint. Incidunt facere id et aut hic. Quia ipsa harum harum non.',NULL,'1990-06-09 11:49:34','2008-04-10 18:35:40'),
('80','71','Inventore quibusdam quia aut cum provident aut quis. Placeat neque vel ipsa odio odit est nulla ad. Impedit eos dolor alias beatae.',NULL,'1979-04-05 13:39:50','2011-08-06 15:15:41'),
('81','80','Ad beatae qui quia rem. Dicta consectetur voluptatum fugiat eum soluta ratione.',NULL,'1996-02-28 11:36:47','2003-05-05 21:02:47'),
('82','92','Quia id aut consequatur quis sed. Libero quidem nihil voluptate eum in corrupti aut molestiae. Et ab omnis similique cupiditate accusamus.',NULL,'1990-11-26 08:56:33','1986-11-26 19:32:30'),
('83','11','Reprehenderit exercitationem doloribus eos. Magnam laborum voluptatum est et magni id et deleniti.',NULL,'2000-03-30 08:03:09','1983-09-15 13:21:33'),
('84','31','Iure eligendi molestiae cupiditate aut nam omnis deserunt nisi. Quos corrupti exercitationem sit dolorem placeat. Quo at ut velit ab. Vel sunt ducimus et quae vero voluptatem exercitationem.',NULL,'1990-08-18 19:57:09','2008-09-26 09:07:36'),
('85','87','Maxime quisquam soluta ipsam in. Sunt consequatur explicabo corrupti eaque fugiat rem. Vel quos vitae esse.',NULL,'1994-12-27 16:52:14','1982-11-08 15:57:24'),
('86','90','Rem natus omnis omnis nesciunt sed. Aliquam animi nisi aut suscipit quisquam porro minima. Molestiae vitae tempora hic sit et iste.',NULL,'1975-12-20 15:37:36','1978-01-25 03:08:08'),
('87','81','Tempora eius fuga non qui. Sapiente totam illo vero sequi eum voluptas voluptatem ab. Error consectetur qui corrupti debitis voluptas iusto.',NULL,'1999-06-17 08:46:05','1974-04-25 12:10:57'),
('88','92','Et consequatur in porro doloremque sint ut nihil. Aperiam consequuntur ex ratione eaque quis nulla harum cum. Corporis ut quasi nihil harum repudiandae.',NULL,'2000-11-02 08:01:00','1984-06-21 06:26:28'),
('89','68','Eaque est laudantium magni repellat. Pariatur enim consequuntur deserunt ipsum. Aliquam nemo aut qui nemo. Quod dolor est suscipit cum maxime.',NULL,'2000-12-13 12:19:02','2013-07-16 20:07:50'),
('90','71','Nisi occaecati est similique ut quo qui. Quidem natus consequatur ut voluptatem architecto architecto vel. Nihil harum sed rerum quisquam et dolorem.',NULL,'2004-04-03 18:57:43','2001-07-31 08:37:30'),
('91','52','Non architecto nesciunt quaerat et fugit. Earum ad laudantium saepe quae. Voluptatibus nulla amet quis ratione. Pariatur vitae aperiam est incidunt enim et repudiandae nemo.',NULL,'2004-05-17 15:22:44','1976-12-23 20:38:08'),
('92','75','Delectus voluptatum officiis nihil. Pariatur nobis corrupti consequatur et libero. Delectus eum laborum molestias aliquid in explicabo.',NULL,'1990-07-02 05:42:44','1987-01-11 08:01:43'),
('93','42','Suscipit perspiciatis deleniti animi aut distinctio. Consequatur voluptas omnis quia quas et quis. Modi tenetur sequi voluptatibus eveniet.',NULL,'1999-10-13 21:57:53','1994-01-07 01:11:52'),
('94','72','Minus laborum vel pariatur mollitia rerum. Quam omnis id nihil deleniti ut. Nam ut consequuntur ut dolorum. Facilis est tempora eaque veniam.',NULL,'1997-04-11 13:07:57','1999-04-28 06:53:31'),
('95','5','Facere vel voluptatum ipsum et sunt doloribus voluptatibus. Voluptas veniam molestiae id veritatis esse aut quae. Officia tenetur vero et neque eligendi adipisci harum dolore.',NULL,'1980-04-07 13:25:57','2009-01-21 06:48:25'),
('96','18','Voluptatem et debitis architecto. Tempore est minima animi illum.',NULL,'1995-06-29 09:51:53','1996-09-18 17:41:41'),
('97','70','Voluptas id molestias consequatur vel magnam est esse. Unde et aut perferendis voluptas.',NULL,'1976-03-18 13:45:25','1994-04-09 04:06:34'),
('98','23','Eos expedita ducimus itaque est exercitationem aut et. Nulla sed quidem debitis corporis quae. Nesciunt eligendi repellat et consequatur corrupti. Eum velit magni provident voluptate.',NULL,'2000-12-14 03:13:36','2014-02-20 02:24:40'),
('99','20','At recusandae id sit. Et enim necessitatibus nam qui adipisci id. Hic ut nihil blanditiis minus recusandae voluptas id est.',NULL,'1973-01-19 11:18:09','2008-11-12 20:07:32'),
('100','64','Dolores repellat officiis aut ullam voluptates et. Nostrum velit quia quis illo consequatur cum est. Qui consequuntur molestiae sit eum cupiditate.',NULL,'1974-03-11 05:02:26','2012-08-23 21:45:10'); 


INSERT INTO `users` VALUES ('1','Luz','Little','gaylord.marietta@example.com','720','m','1991-03-21','Ceceliabury','7','d1ba19d98a3d73ac90173d4c90897311','1992-06-07 20:34:20'),
('2','Aletha','Feeney','vergie.blanda@example.com','1','m','1997-08-10','Lake Dejahland','3','0cdb151b0ca8ad3a00140d84d668b707','1973-12-27 03:36:57'),
('3','Carleton','Kris','kiana.ebert@example.org','347','m','1985-01-30','Pricemouth','7','d859dd5934858754d6ecdb41776d4e23','1971-05-05 09:39:45'),
('4','Devonte','Predovic','adella84@example.net','77543','f','1983-06-30','West Kyle','8','b564d65d9dbd20c093881266dae5e96b','2013-02-07 04:52:57'),
('5','Reta','Herzog','ova.runolfsdottir@example.org','1483320590','f','1977-05-07','North Ebony','9','e3284f3a5cea45c49ee77ac1085a4e95','2010-10-26 04:10:39'),
('6','Irwin','Koss','adeline73@example.com','78778','m','1970-12-04','East Delphine','8','5149b5c95012a7885f4038f2b02b6ce9','1998-07-16 18:04:09'),
('7','Bridgette','Willms','bpagac@example.net','1','m','1983-01-24','Lake Yasminchester','1','ecebe139df03b70fd865fa431f8fdee9','1984-02-26 22:05:50'),
('8','Rachael','Dietrich','kendall82@example.com','532794','m','2011-10-04','Herzogmouth','6','197f93e20021be933a824c6b269656b1','2015-01-09 19:55:00'),
('9','Fidel','Runte','verlie82@example.org','0','f','1976-01-13','Lake Shakira','8','df5c72ba8e9a4c2d1dbf3ba04fd18a74','2012-10-18 19:44:40'),
('10','Beatrice','O\'Kon','remington.windler@example.com','0','f','1983-02-27','Predovichaven','9','5991af5f913172fe743797dc3d51535b','1990-10-15 11:15:09'),
('11','Gay','Tromp','augustus.balistreri@example.com','1','m','1988-04-01','Angusland','5','06e0631b4f9aa8ab8d029eeaba72aaf2','2002-12-17 03:54:18'),
('12','Clemmie','Dickens','luisa18@example.net','4883436510','f','1990-08-27','Champlinstad','6','61dbef49c6dfd353702dfc29a0a0230a','1983-05-08 02:02:40'),
('13','Candice','Pollich','kharber@example.net','456','f','1973-06-28','East Bradford','2','81661311b6b8841a4c8b1f01c901abfd','2001-03-25 23:40:50'),
('14','Priscilla','Marquardt','aleuschke@example.com','9118557836','f','2008-11-29','Lake Zitaton','3','61ba57c3e264e9bc8bccedb5599bd845','2005-08-11 15:14:52'),
('15','Jermaine','Feil','melba23@example.net','86','f','1999-07-25','Feliciastad','4','427050355e682b0889a1d632c32f1aa8','1997-12-14 12:52:18'),
('16','Heaven','Prosacco','cordia28@example.com','1','m','1972-05-16','South Quintonbury','3','ee0d26ce003003f3003bbd343bbd718e','1979-03-09 17:31:02'),
('17','Myles','Denesik','tod20@example.net','8115984972','m','1991-01-03','Jakubowskiview','7','76dcc2c7effebecd9f56c20abf584c9c','1997-12-21 17:02:28'),
('18','Chaim','Altenwerth','jayson81@example.org','2','f','2020-03-19','Lake Sarah','5','3dbd82eb28f53f7283438c42f86352a4','2006-08-09 06:33:12'),
('19','Augustine','Rippin','berneice32@example.org','264','m','2004-07-08','Goldnerchester','4','b63219d97b46ee91880a8cea33957d75','2002-02-14 02:01:00'),
('20','Freddy','Bergstrom','dfeest@example.org','0','m','2006-11-14','Lewville','9','a1837ea6dfc568df8b013fede93ec0da','1977-09-02 21:50:29'),
('21','Norma','Crist','mgibson@example.org','345','m','2009-03-17','Arvillafort','8','7fd8d0c8b3eb92d277ec5f2fbef7bf19','2016-08-23 07:13:08'),
('22','Delfina','Kuhic','pedro.feest@example.org','4629142559','f','1970-10-31','Darrylshire','8','cb0b61eeb48b1c4f8947fbda7d3af044','2015-12-27 08:10:24'),
('23','Dedrick','Romaguera','ecrist@example.net','760','m','1999-06-13','Buckridgeberg','0','c09d74afea0935c38f62579ed089fdaa','1989-01-22 13:46:53'),
('24','Christ','McClure','cartwright.afton@example.org','555','f','2020-09-07','Esmeraldabury','6','f60d50158c7359c6b615cb98f3eddf4c','2004-01-15 00:19:34'),
('25','Tito','Johnson','hgorczany@example.net','39','f','1985-10-14','Borerborough','2','dc96a107e9d9cf5c9cd12ff92496174f','2010-08-01 11:47:12'),
('26','Jade','Christiansen','jazmyne65@example.org','329','f','2007-04-24','Nienowchester','2','25b535be1ae8c5aefcbd6dcde47a5f14','1991-10-31 12:57:25'),
('27','Angelita','Doyle','hegmann.clarabelle@example.net','767486','f','1971-07-09','Arvidland','1','407ed1bff1535a60891938d7b274de0a','2019-01-16 23:08:54'),
('28','Constantin','Goldner','genoveva03@example.org','1','f','2001-11-07','North Kellie','9','12820dc704b4f6b9122799345ce97ea3','1984-07-17 10:48:23'),
('29','Karl','Jones','uhartmann@example.net','994239','m','1976-08-04','East Ransomshire','2','7d443d60939a70304b06ba4a1853f680','1971-08-21 16:36:29'),
('30','Anita','Cronin','ludie.price@example.net','0','f','2019-06-12','Dellabury','7','907e81231e385360bbf71431a4f91a44','1992-05-03 15:06:29'),
('31','Nikolas','O\'Reilly','sruecker@example.com','540','f','2015-10-27','Kulasland','0','c766635f09d139615b9ab7f05f1622ba','1984-01-07 10:11:57'),
('32','Elliott','Bruen','kari.jones@example.com','938','f','1971-01-30','Rebekastad','0','e7a189691c5226b83d68d74469792c91','1998-07-13 21:03:35'),
('33','Braulio','Funk','armstrong.nellie@example.com','96','m','1999-07-04','Pollichton','1','dce5d15070cd3bfce798aa70b0337474','1982-01-20 15:54:46'),
('34','Torrance','Beier','major90@example.net','629413','m','2014-12-04','East Angelica','9','63ae7f50bd6fbefea2a1f5b364802fa7','2006-04-01 23:34:52'),
('35','Margie','Jaskolski','usmith@example.org','666','m','1983-07-10','New Jazlynshire','7','27539a3f49063ba9703da34172c01e28','1976-05-09 05:49:14'),
('36','Skye','Gottlieb','zola72@example.net','658','f','2019-12-27','Betteside','2','433598f0d832c64a959ee83d00693778','2008-12-31 20:00:40'),
('37','Rafaela','Mayer','hlockman@example.net','0','m','1992-11-08','Lydaville','7','77c18fb044d5fd953c427663137ce72f','1991-04-11 05:21:55'),
('38','Floyd','Macejkovic','elwin.bahringer@example.org','778','f','1974-07-31','North Anitachester','6','26b45f4abfcb0842583b97b619f9f885','1981-01-23 12:24:42'),
('39','Brandy','Mills','kbradtke@example.com','618','m','2005-03-08','Osbornehaven','7','a15a8903bb84e019d5a3eb5385de4176','2017-03-31 18:01:41'),
('40','Percy','Jacobi','morar.gregoria@example.net','705','f','1998-11-21','Port Ara','4','11ad61272b9fb14128a94b0db8981ea2','2000-04-09 10:10:51'),
('41','Josefa','Cronin','jkling@example.org','308','m','1980-07-03','Dorthychester','2','9d1c4f91829e1de84972cdf1000bbce1','1989-09-29 02:20:24'),
('42','Eulah','Trantow','margarita.langosh@example.org','1','m','2002-11-11','North Marlenfurt','8','1ed205fa6068455c451eb611e0de2a79','2016-10-27 01:40:11'),
('43','Ewald','Marquardt','ywill@example.com','866','f','1987-06-11','South Eliseo','7','7474b4373f04abc6fcbcedc4ead97fea','1977-10-10 03:14:15'),
('44','Ansley','Haley','pfannerstill.quinton@example.org','34','m','1998-06-26','Yundtland','9','d6eefbadd597a8688d0e452be1e56ec2','1990-06-09 07:24:45'),
('45','Preston','Zboncak','verlie49@example.com','558','m','2006-10-02','Port Shanny','0','70e2b437075598fb054d601371ab1724','1970-12-05 00:53:45'),
('46','Edythe','King','cremin.yessenia@example.com','573','m','2011-03-21','Milobury','8','03b19448b903e9ab2457b44c1d2809e3','2010-08-18 21:03:47'),
('47','Karley','Pagac','alessandra.hauck@example.com','386896','f','2020-07-15','South Birdiemouth','4','5f2131345fe85c692715fb1456b17203','2019-08-21 05:38:35'),
('48','Garth','Cassin','ernser.era@example.net','811','f','1996-01-27','Elianeburgh','1','1b4bf7ed31fc78265a02f426c51061fd','1998-12-02 14:09:25'),
('49','Destiney','Waelchi','breanne.bailey@example.org','489','m','2007-11-07','Abshireside','3','730dc8e83816e14a02aa15f1e0d6b432','1979-07-08 07:21:25'),
('50','Litzy','Pollich','lang.kevon@example.org','44065','f','1985-10-05','New Jessie','5','989371284d7763c0a434384882dc1a62','1978-05-19 04:13:58'),
('51','Kira','Upton','dahlia14@example.org','476','f','1995-05-12','West Mekhi','2','2bc8940bc91cb60b82e39a3a07c03c1d','1993-06-30 19:36:08'),
('52','Dillon','Bode','shaina40@example.org','660','f','2004-01-06','North Maribelside','4','73c0c26c6e52df7e5d5ea2680e20c03d','2014-12-20 02:30:26'),
('53','Vincenzo','Smith','osinski.kenyon@example.com','607','f','1992-09-30','East Leonardofurt','1','36ea095e0630710a7211a2374d7ed27d','1970-09-30 00:34:52'),
('54','Clifford','Beatty','ymurphy@example.org','1','m','2018-08-28','New Leilani','1','b70753ed2a68f60598173514a6cebd1e','1974-01-25 20:43:24'),
('55','Cydney','Stanton','mckenzie.lou@example.net','3589951373','m','1978-03-03','Jakubowskimouth','5','b20a3a823c25b038fe3392455e759d0c','2011-01-04 14:13:43'),
('56','Stacy','Feil','glen59@example.com','946','f','2004-10-29','Billyshire','0','27a0bce0728a0e1fd0a74a5fc323d90e','1994-01-02 04:01:45'),
('57','Sabryna','Pagac','gaylord.thiel@example.org','0','m','1980-08-17','Lake Candace','6','51716a86fdccf1dc1faf2d1bfe04de6d','2016-03-18 00:24:51'),
('58','Brigitte','Kemmer','boehm.jeanette@example.org','0','m','2007-06-17','Port Josephton','3','5c461d68e557bb214ba7dfc27119d047','1986-12-21 02:17:39'),
('59','Matteo','Becker','hnicolas@example.com','0','f','1999-11-12','Jeramieview','3','a63a472da7022c90d7e650209f7ccd9c','1985-06-10 09:03:16'),
('60','Rodrick','Rempel','willow42@example.com','423','f','2011-06-25','South Sean','4','1b0f365875a8f40c499dadc368dbc29a','1988-05-06 08:29:12'),
('61','Queen','Hegmann','presley61@example.com','0','m','1986-10-10','North Enochmouth','3','570046f6fc1d5b1fe61b132da0a13845','1995-04-07 08:51:09'),
('62','Jed','Littel','jake85@example.org','1','m','1984-02-02','East Wadeshire','0','2d2a7f2ffc522a5beeb4f3526b0ad4e4','1970-08-15 08:21:41'),
('63','Destin','Will','ova.o\'kon@example.net','841784','f','2018-11-12','Tillmanshire','1','8138ce06bffd7b82cb367320e75ef4a5','1981-04-22 07:38:07'),
('64','Lina','Abbott','alena57@example.com','12','f','1980-04-01','Lindhaven','0','37211478934f97cad6fc097eaaacf79e','1977-06-14 01:28:46'),
('65','Caleb','Gusikowski','lambert.willms@example.org','9522815005','m','1980-03-11','Kozeyview','9','1cda61528dfe583fb910d9fec5189576','1978-01-18 02:01:30'),
('66','Jaylon','Borer','josiah.donnelly@example.com','643885607','m','2019-08-10','Port Gretchentown','5','1ebc4b7a7e308c3d3c6ab6c4f327b366','1998-09-23 15:27:16'),
('67','Shaylee','Walsh','dbogan@example.net','0','f','2010-12-03','Lesleymouth','2','cf221755defee711252ba4be5fe1a807','1974-09-01 10:12:41'),
('68','Heber','Sawayn','juvenal.lubowitz@example.org','0','m','1998-07-25','East Mathildeshire','4','6c290d33d54b02bd7288d6ed82c630b2','1971-08-19 16:42:06'),
('69','Jada','Blanda','fmurray@example.com','1','f','2016-08-18','Aliyahbury','2','fa5a3a23d9b50dd2af724b880da66965','2018-05-12 01:08:21'),
('70','Amani','Jaskolski','judah45@example.org','697','m','2001-04-23','Jeradburgh','1','974e8c2d1048c18e2bfcd7e788b77765','1986-03-28 05:05:23'),
('71','Jaylan','Kassulke','nikolaus.julius@example.net','1848011857','f','1994-08-26','Schustermouth','7','96362bb08a2de1fdf70334f6a4655dee','1983-01-08 08:12:59'),
('72','Quentin','Dooley','apaucek@example.net','0','m','1982-11-15','East Josefinaberg','9','032a4526eafeaef3ce51871a932d14b0','1995-07-22 23:44:34'),
('73','Marley','Hegmann','waelchi.kelsie@example.com','103469','m','1997-10-03','West Lavinashire','6','5a7be2770465fbb4f85508dade308c2a','2013-08-01 09:51:33'),
('74','Christian','Rempel','kasey.carter@example.net','7','m','2009-02-04','Klockochester','6','6b36023d145f311629f965d091b0688a','1987-04-12 09:36:04'),
('75','Alexis','Considine','glover.asa@example.com','7','f','1990-04-08','Gustfurt','0','e43412b22e0c4b6563826db07c67cd60','2011-01-06 00:04:07'),
('76','Adolf','Robel','plynch@example.com','0','f','2010-10-07','Kemmermouth','4','d650e9f87b45b16c460885c138c4ee81','1998-05-04 21:43:00'),
('77','Josh','Sanford','cyril.howell@example.org','0','m','2015-03-22','Pollichberg','9','9016aed793af93f07d233beb51d4e28e','1971-08-17 07:59:15'),
('78','Lyric','Sporer','mossie.johnston@example.net','614','m','2015-12-04','New Clydeburgh','7','523691a14aa2389869c88b6ac787918b','1998-09-16 02:41:00'),
('79','Vesta','Doyle','ressie53@example.net','81','f','1974-01-21','Domingohaven','1','f05c211fc5b4291e11b11755b6f6364b','1984-11-28 15:26:56'),
('80','Janelle','Crooks','pdicki@example.org','50','f','2005-04-19','West Torrey','8','b181799895efedf9fe0224b7751ed65d','2014-01-18 14:42:26'),
('81','Shemar','Kassulke','cierra.swift@example.net','607','f','1970-11-16','Otiliaville','4','0a873c9348655d4483ee321fb09a7457','1983-10-23 11:37:42'),
('82','Tod','Schiller','zcarter@example.com','1','f','1999-06-11','New Enriqueburgh','8','b6ed02a74b27fa1dbc195e5860dc72bf','2015-07-03 14:00:04'),
('83','Enrique','Mosciski','omari46@example.net','747117244','m','2018-02-06','Lake Wyatt','5','c60988612f66ff63f5ba10d6b12b7c71','1995-10-06 22:13:29'),
('84','Lauryn','Hansen','mozelle.wisoky@example.net','0','m','2018-03-03','Shermanburgh','4','9f071762bbe23a80f36d26fa828b7e7d','2006-01-18 23:18:50'),
('85','Lysanne','Johnston','zulauf.macy@example.net','516','m','2013-03-14','Sanfordview','7','c0a9ec40ac8445fadd76d9ef721519a0','1989-12-26 23:48:14'),
('86','Amaya','Parker','walsh.olin@example.org','95','f','1986-05-18','East Gwenmouth','4','bc093ec5c27f2b45c96dcd73889c0cbb','1992-11-14 02:56:12'),
('87','Dejon','Corwin','tina.schaefer@example.com','57180572','m','2017-08-31','New Trevor','9','e81e6a48c50f204ceda6a028b9798339','1988-01-12 14:20:10'),
('88','Ian','McCullough','fahey.freddy@example.com','0','f','1992-10-23','Marquiseborough','4','d7b1fb5b60f9ce9c44c2a6e02ae631fc','2008-05-09 01:05:36'),
('89','Wallace','Little','xgoldner@example.net','0','m','2020-05-26','Lake Elroyshire','5','86e9b898b1085a80861ad99404056ee1','1997-09-01 02:01:22'),
('90','Reyes','Farrell','ostanton@example.com','51851','f','2015-08-11','New Olinbury','9','668811451206f176022563cf08497cad','1997-04-29 23:08:54'),
('91','Danial','Bergnaum','farrell.rudy@example.com','0','m','1997-04-20','Abdulhaven','9','6c6e392a5a2f5dcc6c5bb838467f82fc','1978-10-18 22:49:01'),
('92','Mortimer','Thompson','crussel@example.com','238','f','2013-08-20','Port Salvatoreside','5','a0d99047ad7613e099794b8edaf26830','2003-03-14 09:41:27'),
('93','Joanny','Larson','jefferey83@example.com','1','m','2004-12-12','West Nickolas','4','85b2d598d3b1e70663c2144d708c7932','2012-11-03 03:31:44'),
('94','Conor','Von','o\'reilly.frederique@example.org','177227','m','1979-02-03','Collierview','0','accc547e13d5daaf99b7ed6bb61e5a86','1983-10-19 07:01:24'),
('95','Kip','Ortiz','emanuel.walker@example.net','437463','f','2000-07-09','Bodeborough','5','1f30e4b1ad726c516ded4627c0f6e847','2012-05-15 00:28:50'),
('96','Santino','Klein','lhermann@example.com','14','m','1982-08-08','South Freemanton','9','7531c355e5fa77b38d08687377c1e948','1977-06-24 00:45:04'),
('97','Cody','Mayer','vweber@example.org','0','m','2020-07-04','Reggieside','6','08da97cbbd00407fa1b8046c93487e3b','1981-11-11 14:58:26'),
('98','Herminia','Bashirian','margaretta19@example.com','165365','m','2006-03-23','East Kadin','6','ddf7cfa73e630dea7370b2851afa58b7','1978-12-28 10:31:28'),
('99','Dorian','Feil','fidel.hudson@example.com','87','m','1992-07-13','New Oswaldview','4','6c3321d19fd34597f3714396de7723b7','2012-03-06 06:56:17'),
('100','Adelbert','Nader','audra43@example.org','0','f','1997-04-26','Dandrebury','4','ffaa54b5f1cc0848facb32519981059b','1984-01-01 18:57:39'); 

INSERT INTO `users_communities` VALUES ('1','6','0'),
('4','36','1'),
('4','91','0'),
('5','6','1'),
('5','75','1'),
('8','20','0'),
('8','60','0'),
('8','87','1'),
('9','92','1'),
('10','19','1'),
('12','64','0'),
('12','98','1'),
('13','43','1'),
('13','75','1'),
('14','87','1'),
('15','82','0'),
('16','35','1'),
('16','65','0'),
('16','76','1'),
('17','12','1'),
('18','6','1'),
('18','37','1'),
('18','47','0'),
('19','47','1'),
('20','89','0'),
('21','44','1'),
('23','5','1'),
('24','25','1'),
('24','87','0'),
('25','13','1'),
('30','24','0'),
('31','10','0'),
('32','50','1'),
('32','91','0'),
('33','62','0'),
('34','86','1'),
('35','97','0'),
('37','17','1'),
('39','63','0'),
('40','10','0'),
('42','17','0'),
('43','48','0'),
('44','5','0'),
('46','23','0'),
('46','45','0'),
('49','82','1'),
('50','62','0'),
('51','6','1'),
('51','95','1'),
('53','2','0'),
('53','18','1'),
('53','19','0'),
('54','91','1'),
('55','1','0'),
('55','94','0'),
('58','62','1'),
('61','49','1'),
('65','29','0'),
('65','81','1'),
('69','88','0'),
('72','11','1'),
('72','32','1'),
('72','36','1'),
('72','69','1'),
('72','81','1'),
('73','32','0'),
('73','39','0'),
('74','81','1'),
('77','56','1'),
('78','52','1'),
('78','76','0'),
('78','85','0'),
('79','68','1'),
('79','87','1'),
('79','100','0'),
('81','3','0'),
('81','14','1'),
('81','45','0'),
('82','41','0'),
('83','22','0'),
('84','77','1'),
('87','73','1'),
('88','40','1'),
('89','3','1'),
('89','89','0'),
('90','37','1'),
('91','21','1'),
('91','30','1'),
('91','34','0'),
('92','18','0'),
('93','39','1'),
('94','18','0'),
('94','92','1'),
('95','51','0'),
('97','58','0'),
('97','88','1'),
('98','54','0'),
('99','43','0'),
('99','67','1'),
('100','42','1'); 

